"","atrocity_actorlist_id","ucdpid","group_name","country","conflict_duration","gdp","regime_type","incompatibility","state_civ_deaths","state_atrocity_binary","state_atrocity_grouplife","region","rebels_in_conflict","pgm_in_conflict","nsa_in_conflict","battle_deaths_total","pgm","gov_rel","rebel","group_duration","islamist","leftist","sepratist","central_command","strengthcent","pol_party_link","ethnic_membership","deaths_civilians","atrocity_event_1000","atrocity_event_500","atrocity_event_250","atrocity_event_200","atrocity_year_1000","atrocity_year_500","atrocity_year_250","atrocity_year_200"
"1",101,24,"ABSDF","Myanmar",4,NA,2,2,4308,1,1,"3",1,1,2,100,0,NA,1,5,0,0,0,1,"semiofficial",1,0,0,0,0,0,0,0,0,0,0
"2",102,227,"ABSU","India",11,1339.789574,0,1,282,1,1,"3",3,0,3,786,0,NA,1,2,0,0,1,1,"2",1,1,69,0,0,0,0,0,0,0,0
"3",103,112,"ASG","Philippines",17,2267.202622,0,1,157,1,1,"3",5,9,14,8925,0,NA,1,15,1,0,1,1,"2",0,1,356,0,0,0,0,0,0,0,0
"4",105,118,"ADF","Uganda",18,707.088195,1,2,253,1,1,"4",5,7,12,16433,0,NA,1,12,1,0,0,NA,"",0,0,1386,0,0,0,0,0,0,2,4
"5",106,86,"AFDL","Democratic Republic of Congo (Zaire)",8,273.8527285,2,2,9806,1,1,"4",4,7,11,22576,0,NA,1,2,0,0,0,1,"2",0,1,35078,6,20,37,60,2,2,2,2
"6",107,187,"AFRC","Sierra Leone, United Kingdom",11,602.2264022,2,2,652,1,1,"4",3,5,8,18394,0,NA,1,3,0,0,0,1,"2",0,0,2068,0,0,0,2,1,2,2,2
"7",108,222,"African Rainforest and Rivers Conservation","Central African Republic",3,605.9396723,1,2,1471,0,0,"4",3,2,5,1484,1,0,0,7,0,0,0,1,"3",0,0,0,0,0,0,0,0,0,0,0
"8",109,134,"Ahi","Indonesia",4,3151.738955,1,1,1678,1,1,"3",1,19,20,196,1,0,0,2,0,0,1,1,"3",0,0,0,0,0,0,0,0,0,0,0
"9",111,249,"Ahlul Sunnah Jamaa","Nigeria",1,1423.710904,1,1,3957,1,1,"4",1,0,1,68,0,NA,1,1,1,0,1,0,"informal",0,0,0,0,0,0,0,0,0,0,0
"10",112,134,"Aitarak","Indonesia",4,2690.580482,0,1,1678,1,1,"3",1,19,20,196,1,0,0,1,0,0,1,1,"2",0,0,504,0,0,0,0,0,1,1,1
"11",113,196,"al-Gama'a al-Islamiyya","Egypt",6,2864.179254,2,2,4,1,1,"2",1,0,1,856,0,NA,1,6,1,0,0,NA,"",0,1,207,0,0,0,0,0,0,0,0
"12",114,86,"ALiR","Congo Kinshasa",8,241.8157344,2,2,1229,1,1,"4",4,7,11,22576,1,0,0,5,0,0,0,1,"2",0,1,3148,0,2,4,4,2,3,3,3
"13",115,133,"al-Itahad al-Islami","Ethiopia",13,335.563224,1,1,2356,1,1,"4",2,1,3,11265,0,NA,1,7,1,0,1,NA,"",0,0,0,0,0,0,0,0,0,0,0
"14",116,62,"al-Mahdi Army","Iraq",10,2376.890488,2,2,2107,1,1,"2",5,5,10,53863,0,NA,1,4,1,0,0,1,"semiofficial",1,1,120,0,0,0,0,0,0,0,0
"15",117,224,"al-Qaida","USA, Australia, Canada, France, Germany, Italy, Japan, Jordan, Netherlands, Poland",7,NA,0,2,0,0,0,"5",1,1,2,8067,0,NA,1,7,1,0,0,1,"2",0,1,2873,1,1,1,1,1,1,1,1
"16",120,37,"AMB","Israel",16,22603.41722,0,1,478,0,0,"2",9,2,11,6422,0,NA,1,3,0,0,1,1,"2",1,1,163,0,0,0,0,0,0,0,0
"17",121,113,"Ambroro","Sudan",19,1832.723858,1,2,10875,1,1,"4",10,21,31,73661,1,0,0,2,0,0,0,1,"2",0,1,90,0,0,0,0,0,0,0,0
"18",124,62,"Ansar al-Islam","Iraq",10,2376.890488,2,2,2107,1,1,"2",5,5,10,53863,0,NA,1,4,1,0,0,1,"2",0,1,134,0,0,0,0,0,0,0,0
"19",126,143,"Ansar-e Hezbollah","Iran",9,6744.016007,1,2,0,1,1,"2",3,3,6,1594,1,0,0,13,1,0,0,1,"2",0,0,5,0,0,0,0,0,0,0,0
"20",127,171,"Anti Aceh-Separatist Front","Indonesia",9,3028.762344,0,1,1678,1,1,"3",1,4,5,4356,1,0,0,4,0,0,1,1,"semiofficial",0,0,0,0,0,0,0,0,0,0,0
"21",128,171,"Anti Free Aceh Movement Front","Indonesia",9,3028.762344,0,1,1678,1,1,"3",1,4,5,4356,1,0,0,4,0,0,1,1,"semiofficial",0,0,0,0,0,0,0,0,0,0,0
"22",129,185,"Anti-government alliance","Georgia",3,NA,1,2,0,1,1,"semiofficial",2,2,4,423,0,NA,1,2,0,0,0,0,"informal",1,0,0,0,0,0,0,0,0,0,0
"23",131,72,"Anti-Maoist vigilantes","Nepal",11,832.9959621,1,2,1172,1,1,"3",1,1,2,10664,1,0,0,6,0,0,0,0,"informal",0,0,0,0,0,0,0,0,0,0,0
"24",132,248,"Anti-Muslim death squad","Thailand",5,6425.42048,1,1,0,0,0,"3",1,4,5,1779,1,0,0,3,0,0,1,0,"informal",0,0,0,0,0,0,0,0,0,0,0
"25",133,146,"Anti-Terrorist Unit ","Liberia",6,177.4544094,1,2,4236,1,1,"4",4,7,11,3260,1,0,0,7,0,0,0,1,"semiofficial",0,0,4,0,0,0,0,0,0,0,0
"26",136,191,"AQIM","Algeria",17,4961.817819,1,2,0,1,1,"4",4,4,8,24657,0,NA,1,9,1,0,0,1,"2",0,1,267,0,0,0,0,0,0,0,0
"27",138,25,"Arakan Rohingya Islamic Front","Myanmar",2,NA,2,1,4308,1,1,"3",2,1,3,134,0,NA,1,2,0,0,1,1,"semiofficial",1,1,NA,NA,NA,NA,NA,NA,NA,NA,NA
"28",139,168,"ARDUF","Ethiopia",1,387.7791433,1,1,2356,1,1,"4",1,0,1,25,0,NA,1,1,0,0,1,1,"semiofficial",0,1,NA,NA,NA,NA,NA,NA,NA,NA,NA
"29",140,118,"Arrow militia","Uganda",18,884.4383325,1,2,253,1,1,"4",5,7,12,16433,1,1,0,5,0,0,0,1,"semiofficial",0,0,0,0,0,0,0,0,0,0,0
"30",141,141,"ARS/UIC","Somalia",12,451.7780751,2,2,1260,1,1,"4",9,0,9,48982,0,NA,1,2,1,0,0,1,"semiofficial",1,1,0,0,0,0,0,0,0,0,0
"31",143,177,"ATNMC","Mali",3,897.8284784,0,1,668,0,0,"4",3,0,3,989,0,NA,1,1,0,0,1,NA,"",0,1,0,0,0,0,0,0,0,0,0
"32",144,139,"ATTF","India",8,1389.646794,0,1,282,1,1,"3",2,0,2,335,0,NA,1,8,0,0,1,0,"informal",0,1,267,0,0,0,0,0,0,0,0
"33",145,214,"Aubevillois","Congo Brazzaville",5,2111.56634,1,2,1229,1,1,"4",4,4,8,25274,1,0,0,4,0,0,0,1,"2",1,1,0,0,0,0,0,0,0,0,0
"34",146,202,"Autonomous Province of Western Bosnia","Bosnia and Herzegovina",3,1016.976122,2,1,0,1,1,"semiofficial",1,2,3,1634,0,NA,1,3,0,0,1,1,"3",1,1,0,0,0,0,0,0,0,0,0
"35",147,62,"Awakening groups/Sahwa","Iraq",10,3606.807463,2,2,2107,1,1,"2",5,5,10,53863,1,0,0,3,0,0,0,1,"2",0,1,0,0,0,0,0,0,0,0,0
"36",148,182,"Azerbaijani Popular Front","Soviet Union",1,NA,1,1,2385,0,0,"semiofficial",1,0,1,338,0,NA,1,1,0,0,1,1,"2",1,1,0,0,0,0,0,0,0,0,0
"37",149,62,"Badr Brigade","Iraq",10,3708.211317,2,2,2107,1,1,"2",5,5,10,53863,1,0,0,5,1,0,0,1,"2",1,0,0,0,0,0,0,0,0,0,0
"38",150,129,"Baluch Ittehad","Pakistan",3,1924.316864,1,1,0,1,1,"3",3,0,3,1642,0,NA,1,2,0,0,1,1,"2",1,1,0,0,0,0,0,0,0,0,0
"39",155,254,"BDK","Democratic Republic of Congo (Zaire)",1,213.8256497,0,1,9806,1,1,"4",1,0,1,409,0,NA,1,1,0,0,1,1,"3",1,1,0,0,0,0,0,0,0,0,0
"40",156,227,"NDFB","India",11,1389.646794,0,1,282,1,1,"3",3,0,3,786,0,NA,1,13,0,0,1,1,"2",0,1,665,0,0,0,0,0,0,0,0
"41",157,218,"Beli Orlovi (White Eagles)","Yugoslavia",2,NA,1,1,0,1,1,"semiofficial",1,3,4,5090,1,0,0,13,0,0,1,1,"2",1,0,2943,1,1,2,2,1,1,2,3
"42",158,171,"Berantas Anti-Separatist Movement","Indonesia",9,2874.096587,0,1,1678,1,1,"3",1,4,5,4356,1,0,0,5,0,0,1,1,"semiofficial",0,0,0,0,0,0,0,0,0,0,0
"43",159,134,"Besi Merah Putih","Indonesia",4,2690.580482,0,1,1678,1,1,"3",1,19,20,196,1,0,0,1,0,0,1,1,"2",0,0,583,0,0,0,1,0,0,1,1
"44",160,129,"BLA","Pakistan",3,1814.128054,1,1,0,1,1,"3",3,0,3,1642,0,NA,1,4,0,0,1,1,"2",0,1,140,0,0,0,0,0,0,0,0
"45",161,117,"Black Cats","Sri Lanka",2,1666.7962,1,2,752,1,1,"3",1,5,6,578,1,0,0,19,0,0,0,1,"semiofficial",1,0,367,0,0,0,0,0,0,1,1
"46",163,26,"BMA","Myanmar",2,NA,2,1,4308,1,1,"3",2,0,2,192,0,NA,1,1,0,0,1,1,"2",0,1,0,0,0,0,0,0,0,0,0
"47",165,174,"Bougainville Resistance Force aka","Papua New Guinea",6,2405.279335,1,1,85,1,1,"3",1,1,2,319,1,0,0,6,0,0,1,1,"2",0,0,0,0,0,0,0,0,0,0,0
"48",166,174,"BRA","Papua New Guinea",6,1871.764937,1,1,85,1,1,"3",1,1,2,319,0,NA,1,8,0,0,1,1,"2",0,0,0,0,0,0,0,0,0,0,0
"49",168,186,"Capois La Mort","Haiti",3,1325.60047,2,2,115,1,1,"5",2,7,9,881,1,0,0,4,0,0,0,1,"semiofficial",0,0,0,0,0,0,0,0,0,0,0
"50",169,222,"Chadian Special Guard","Central African Republic",3,605.9396723,1,2,1471,0,0,"4",3,2,5,1484,1,0,0,3,0,0,0,1,"2",0,0,0,0,0,0,0,0,0,0,0
"51",170,206,"Chechen Death Squads","Russia",12,7397.182814,1,1,2385,1,1,"semiofficial",1,4,5,33424,1,0,0,9,0,0,1,1,"3",0,0,2,0,0,0,0,0,0,0,0
"52",171,190,"Chetniks","Yugoslavia",2,NA,2,1,0,1,1,"semiofficial",2,1,3,4523,1,0,0,5,0,0,1,1,"2",0,1,4591,1,3,5,7,1,4,4,4
"53",172,186,"Chimeres AKA Popular Organisations","Haiti",3,1387.832393,1,2,115,1,1,"5",2,7,9,881,1,0,0,4,0,0,0,0,"informal",0,0,0,0,0,0,0,0,0,0,0
"54",176,131,"Civil Defence Organization (ODC)","Angola",12,1854.271625,1,2,174,1,1,"4",1,3,4,64546,1,1,0,16,0,0,0,1,"2",1,0,2000,1,1,1,1,1,1,1,1
"55",178,187,"Civil Defense Forces/Kamajor/Donso/Gbethis/Kapras","Sierra Leone",11,958.0181873,1,2,652,1,1,"4",3,5,8,18394,1,0,0,12,0,0,0,1,"2",0,1,203,0,0,0,1,0,0,0,1
"56",184,186,"Civilian Militia","Haiti",3,1290.209169,2,2,115,1,1,"5",2,7,9,881,1,0,0,1,0,0,0,1,"2",0,0,0,0,0,0,0,0,0,0,0
"57",185,186,"Civilian Vigilantes","Haiti",3,1244.504705,1,2,115,1,1,"5",2,7,9,881,1,0,0,3,0,0,0,0,"informal",0,0,22,0,0,0,0,0,0,0,0
"58",187,90,"CNDD","Burundi",15,586.4614234,1,2,4318,1,1,"4",5,1,6,13870,0,NA,1,5,0,0,0,1,"semiofficial",1,1,62,0,0,0,0,0,0,0,0
"59",188,90,"CNDD-FDD","Burundi",15,403.1711807,1,2,4318,1,1,"4",5,1,6,13870,0,NA,1,6,0,0,0,1,"semiofficial",0,1,174,0,0,0,0,0,0,0,0
"60",189,86,"CNDP","Democratic Republic of Congo (Zaire)",8,207.4695252,1,2,9806,1,1,"4",4,7,11,22576,0,NA,1,2,0,0,0,1,"3",1,1,157,0,0,0,0,0,0,0,0
"61",190,91,"CNR","Chad",16,766.0422204,1,2,1005,1,1,"4",15,0,15,20836,0,NA,1,3,0,0,0,1,"2",0,1,0,0,0,0,0,0,0,0,0
"62",191,214,"Cobras","Congo Brazzaville",5,2133.5634,2,2,1229,1,1,"4",4,4,8,25274,1,0,0,4,0,0,0,1,"2",0,1,37,0,0,0,0,0,0,0,0
"63",192,214,"Cocoyes","Congo-Brazzaville, Angola, Chad",5,258.4173137,2,2,1229,1,1,"4",4,4,8,25274,0,NA,1,3,0,0,0,1,"semiofficial",0,1,0,0,0,0,0,0,0,0,0
"64",199,191,"Communal Guards","Algeria",17,4566.970864,1,2,0,1,1,"4",4,4,8,24657,1,1,0,13,0,0,0,1,"2",0,0,0,0,0,0,0,0,0,0,0
"65",201,220,"Cossacks","Russia",1,12607.88437,1,1,2385,1,1,"semiofficial",1,1,2,125,1,1,0,17,0,0,1,NA,"",0,1,0,0,0,0,0,0,0,0,0
"66",202,29,"CPI-Maoist","India",16,2317.342862,0,2,282,1,1,"3",3,0,3,6360,0,NA,1,3,0,1,0,1,"2",1,1,1623,0,0,0,0,0,0,1,2
"67",204,72,"CPN-M","Nepal",11,797.8760982,1,2,1172,1,1,"3",1,1,2,10664,0,NA,1,11,0,1,0,1,"2",1,1,1227,0,0,0,0,0,0,1,2
"68",205,178,"CRA","Niger",1,512.973051,0,1,404,0,0,"4",1,0,1,90,0,NA,1,1,0,0,1,NA,"",0,1,0,0,0,0,0,0,0,0,0
"69",206,190,"Croatian irregulars","Yugoslavia",2,NA,2,1,0,1,1,"semiofficial",2,1,3,4523,0,NA,1,4,0,0,1,0,"informal",1,1,0,0,0,0,0,0,0,0,0
"70",207,203,"Croatian Republic of Bosnia-Herzegovina","Bosnia and Herzegovina",2,1016.976122,2,1,0,1,1,"semiofficial",1,0,1,3704,0,NA,1,2,0,0,1,1,"2",0,1,174,0,0,0,0,0,0,0,0
"71",208,91,"CSNPD","Chad",16,766.0422204,1,2,1005,1,1,"4",15,0,15,20836,0,NA,1,3,0,0,0,1,"2",0,1,0,0,0,0,0,0,0,0,0
"72",209,134,"Dadurus Merah Putih","Indonesia",4,2690.580482,0,1,1678,1,1,"3",1,19,20,196,1,0,0,1,0,0,1,1,"2",0,0,201,0,0,0,1,0,0,0,1
"73",210,112,"Davao Death Squad","Philippines",17,2369.429296,0,1,157,1,1,"3",5,9,14,8925,1,0,0,13,0,0,1,1,"2",0,0,0,0,0,0,0,0,0,0,0
"74",215,225,"Death Squads","Cote d'Ivoire",3,1409.76808,2,2,773,0,0,"4",5,4,9,1263,1,0,0,6,0,0,0,1,"2",0,1,436,0,0,1,1,0,0,1,1
"75",218,23,"Democratic Karen Buddhist Army","Myanmar (Burma)",16,NA,2,1,4308,1,1,"3",3,1,4,6289,1,0,0,14,0,0,1,1,"2",0,1,22,0,0,0,0,0,0,0,0
"76",219,207,"Democratic Republic of Yemen","Yemen",1,1452.395847,1,1,89,0,1,"2",1,0,1,3253,0,NA,1,1,0,1,1,1,"3",1,1,0,0,0,0,0,0,0,0,0
"77",220,188,"Devrimci Sol","Turkey",3,6664.945421,0,2,0,1,1,"2",2,0,2,136,0,NA,1,2,0,1,0,1,"3",1,0,0,0,0,0,0,0,0,0,0
"78",222,172,"Dignity Battalions","Panama",1,5159.929729,0,2,0,1,1,"5",0,1,1,233,1,1,0,1,0,0,0,1,"2",0,0,43,0,0,0,0,0,0,0,0
"79",225,199,"Dniestr Republic","Moldova",1,NA,1,1,0,0,0,"semiofficial",1,0,1,632,0,NA,1,1,0,0,1,1,"3",0,1,0,0,0,0,0,0,0,0,0
"80",227,157,"Eelam People's Democratic Party (EPDP)","Sri Lanka",17,1698.133093,1,1,752,1,1,"3",2,4,6,74153,1,0,0,13,0,0,1,1,"2",0,1,0,0,0,0,0,0,0,0,0
"81",228,130,"EIJM","Eritrea",3,809.0689265,2,2,0,0,0,"4",1,0,1,413,0,NA,1,7,1,0,0,1,"2",0,1,0,0,0,0,0,0,0,0,0
"82",233,205,"EPR","Mexico",2,9122.991251,1,2,84,0,0,"5",2,2,4,515,0,NA,1,1,0,1,0,1,"3",0,0,0,0,0,0,0,0,0,0,0
"83",234,70,"EPRDF","Ethiopia",3,442.0877477,2,2,2356,1,1,"4",1,1,2,42975,0,NA,1,3,0,1,0,1,"2",0,1,0,0,0,0,0,0,0,0,0
"84",235,157,"EPRLF","Sri Lanka",17,1666.7962,1,1,752,1,1,"3",2,4,6,74153,0,NA,1,1,0,0,1,NA,"",1,1,0,0,0,0,0,0,0,0,0
"85",236,113,"Equatoria Defence Force (EDF/Khartoum)","Sudan",19,1170.213406,2,2,10875,1,1,"4",10,21,31,73661,1,0,0,9,0,0,0,1,"2",0,1,122,0,0,0,0,0,0,0,0
"86",237,147,"ETA","Spain",1,20264.09433,0,1,0,0,0,"semiofficial",1,0,1,44,0,NA,1,2,0,1,1,1,"3",1,1,0,0,0,0,0,0,0,0,0
"87",238,131,"Executive Outcomes","Angola",12,1894.059885,1,2,174,1,1,"4",1,3,4,64546,1,0,0,6,0,0,0,1,"3",0,0,0,0,0,0,0,0,0,0,0
"88",239,187,"Executive Outcomes","Sierra Leone",11,857.5953265,1,2,652,1,1,"4",3,5,8,18394,1,0,0,3,0,0,0,1,"3",0,0,0,0,0,0,0,0,0,0,0
"89",240,191,"Exile and Redemption","Algeria",17,5053.547395,1,2,0,1,1,"4",4,4,8,24657,0,NA,1,2,1,0,0,NA,"",0,1,0,0,0,0,0,0,0,0,0
"90",241,205,"EZLN","Mexico",2,9896.287832,1,2,84,0,0,"5",2,2,4,515,0,NA,1,1,0,1,0,1,"3",0,1,0,0,0,0,0,0,0,0,0
"91",242,222,"Faction of Francois Bozize","Central African Republic, Libya",3,595.6139434,1,2,1471,0,0,"4",3,2,5,1484,0,NA,1,1,0,0,0,1,"3",0,0,0,0,0,0,0,0,0,0,0
"92",243,113,"Faction of SPLM","Sudan",19,1170.213406,2,2,10875,1,1,"4",10,21,31,73661,0,NA,1,6,0,0,0,1,"2",0,1,0,0,0,0,0,0,0,0,0
"93",245,91,"FARF","Chad",16,713.382403,1,2,1005,1,1,"4",15,0,15,20836,0,NA,1,2,0,0,0,1,"2",1,1,52,0,0,0,0,0,0,0,0
"94",246,37,"Fatah","Israel",16,21847.69633,0,1,478,0,0,"2",9,2,11,6422,0,NA,1,8,0,1,1,1,"2",0,1,0,0,0,0,0,0,0,0,0
"95",247,86,"FDD (Forces for the Defence of Democracy)","Congo Kinshasa",8,241.8157344,1,2,9806,1,1,"4",4,7,11,22576,1,0,0,6,0,0,0,1,"2",0,1,0,0,0,0,0,0,0,0,0
"96",250,212,"FDR","Niger",1,510.0462562,0,1,404,0,0,"4",1,0,1,34,0,NA,1,1,0,0,1,1,"informal",0,1,0,0,0,0,0,0,0,0,0
"97",252,214,"Cobras","Congo-Brazzaville",5,258.4173137,2,2,1229,1,1,"4",4,4,8,25274,0,NA,1,1,0,0,0,1,"2",1,1,39,0,0,0,0,0,0,0,0
"98",253,62,"Fedayeen Saddam","Iraq",10,2228.82831,2,2,2107,1,1,"2",5,5,10,53863,1,1,0,10,0,0,0,1,"3",0,1,6,0,0,0,1,0,0,0,1
"99",255,177,"FIAA","Mali",3,704.0839606,0,1,668,0,0,"4",3,0,3,989,0,NA,1,1,0,0,1,NA,"",0,1,98,0,0,0,0,0,0,0,0
"100",256,191,"FIS","Algeria",17,4911.645535,1,2,0,1,1,"4",4,4,8,24657,0,NA,1,6,1,0,0,1,"2",1,1,0,0,0,0,0,0,0,0,0
"101",257,255,"FLAA","Niger",4,551.5838234,0,2,404,0,0,"4",3,0,3,442,0,NA,1,2,0,0,0,1,"2",0,1,0,0,0,0,0,0,0,0,0
"102",258,192,"FLEC","Angola",8,1894.059885,1,1,174,1,1,"4",2,0,2,1387,0,NA,1,12,0,0,1,0,"informal",1,1,0,0,0,0,0,0,0,0,0
"103",259,192,"FLEC–FAC","Angola",8,1624.122074,1,1,174,1,1,"4",2,0,2,1387,0,NA,1,14,0,0,1,1,"2",1,1,0,0,0,0,0,0,0,0,0
"104",260,186,"FLRN","Haiti",3,1305.390311,1,2,115,1,1,"5",2,7,9,881,0,NA,1,1,0,0,0,1,"2",1,1,0,0,0,0,0,0,0,0,0
"105",262,86,"FNL (National Liberation Forces)","Congo Kinshasa",8,241.8157344,1,2,9806,1,1,"4",4,7,11,22576,1,0,0,6,0,0,0,1,"semiofficial",0,1,0,0,0,0,0,0,0,0,0
"106",263,91,"FNT","Chad",16,766.0422204,1,2,1005,1,1,"4",15,0,15,20836,0,NA,1,3,0,0,0,1,"2",1,1,0,0,0,0,0,0,0,0,0
"107",266,257,"Forces of the Caucasus Emirate","Russia",1,13228.9171,0,1,2385,1,1,"semiofficial",1,0,1,4041,0,NA,1,1,1,0,1,0,"informal",1,1,132,0,0,0,0,0,0,0,0
"108",267,197,"Forest Brothers","Georgia",2,NA,1,1,0,1,1,"semiofficial",1,1,2,3758,1,0,0,15,0,0,1,1,"2",0,1,0,0,0,0,0,0,0,0,0
"109",270,179,"FPR","Rwanda",12,645.8126359,2,2,511028,1,1,"4",3,3,6,15592,0,NA,1,5,0,0,0,1,"3",0,1,1323,0,0,1,2,0,1,1,2
"110",271,225,"FRCI","Cote D’Ivoire",3,1308.035025,2,2,773,0,0,"4",5,4,9,1263,0,NA,1,1,0,0,0,1,"3",1,1,48,0,0,0,0,0,0,0,0
"111",273,90,"Frolina","Burundi",15,423.6334831,1,2,4318,1,1,"4",5,1,6,13870,0,NA,1,1,0,0,0,1,"2",1,1,0,0,0,0,0,0,0,0,0
"112",274,186,"Front for the Advancement and Progress of Haiti (FRAPH) AKA Attaches AKA Zenglendons","Haiti",3,1325.60047,2,2,115,1,1,"5",2,7,9,881,1,0,0,4,0,0,0,1,"semiofficial",0,0,593,0,0,0,0,0,0,1,1
"113",275,225,"Front for the Liberation of the Greater West","Cote d'Ivoire",3,1308.035025,1,2,773,0,0,"4",5,4,9,1263,1,0,0,4,0,0,0,1,"semiofficial",0,1,0,0,0,0,0,0,0,0,0
"114",276,184,"FRUD","Djibouti",5,2092.060286,2,2,0,1,1,"4",2,0,2,1206,0,NA,1,4,0,0,0,1,"2",1,1,0,0,0,0,0,0,0,0,0
"115",277,184,"FRUD – AD","Djibouti",5,2053.259475,1,2,0,1,1,"4",2,0,2,1206,0,NA,1,3,0,0,0,1,"2",1,1,0,0,0,0,0,0,0,0,0
"116",278,91,"FUCD","Chad",16,1244.077415,1,2,1005,1,1,"4",15,0,15,20836,0,NA,1,2,0,0,0,1,"2",0,1,0,0,0,0,0,0,0,0,0
"117",279,103,"FUNCINPEC","Cambodia",10,829.6422258,2,2,77,1,1,"3",4,3,7,8333,0,NA,1,1,0,0,0,1,"2",1,1,0,0,0,0,0,0,0,0,0
"118",281,134,"Gada Paksi","Indonesia",4,3059.755148,1,1,1678,1,1,"3",1,19,20,196,1,0,0,3,0,0,1,1,"2",0,0,0,0,0,0,0,0,0,0,0
"119",282,171,"GAM","Indonesia",9,1922.94794,1,1,1678,1,1,"3",1,4,5,4356,0,NA,1,17,0,0,1,1,"3",0,1,268,0,0,0,0,0,0,0,0
"120",285,191,"GIA","Algeria",17,4840.160029,1,2,0,1,1,"4",4,4,8,24657,0,NA,1,11,1,0,0,1,"semiofficial",0,1,1492,0,0,1,1,0,1,2,3
"121",296,23,"God's army","Myanmar",16,NA,2,1,4308,1,1,"3",3,1,4,6289,0,NA,1,1,0,0,1,1,"2",0,1,0,0,0,0,0,0,0,0,0
"122",297,181,"Government of Armenia and ANM","Soviet Union",2,NA,1,1,2385,0,0,"semiofficial",1,0,1,564,0,NA,1,2,0,0,1,1,"3",0,1,0,0,0,0,0,0,0,0,0
"123",298,146,"Government of Liberia (GOL) militias","Liberia",6,455.4927681,1,2,4236,1,1,"4",4,7,11,3260,1,0,0,4,0,0,0,NA,"",0,0,1,0,0,0,0,0,0,0,0
"124",300,194,"Green Berets","Bosnia-Herzegovina",4,1025.926232,2,1,0,1,1,"semiofficial",2,4,6,18443,1,0,0,1,0,0,1,1,"3",1,0,0,0,0,0,0,0,0,0,0
"125",302,10,"Greenans (TadTad)","Philippines",17,2270.329932,0,2,157,1,1,"3",1,9,10,10366,1,0,0,18,0,0,0,1,"semiofficial",0,0,32,0,0,0,0,0,0,0,0
"126",303,191,"Groups for Legitimate Defense (aka Patriots)","Algeria",17,5053.547395,1,2,0,1,1,"4",4,4,8,24657,1,1,0,18,0,0,0,1,"semiofficial",0,0,0,0,0,0,0,0,0,0,0
"127",304,90,"Guardians of Peace","Burundi",15,423.6334831,1,2,4318,1,1,"4",5,1,6,13870,1,0,0,9,0,0,0,1,"2",0,0,0,0,0,0,0,0,0,0,0
"128",307,37,"Hamas","Israel",16,19438.82625,0,1,478,0,0,"2",9,2,11,6422,0,NA,1,15,1,0,1,1,"2",0,1,502,0,0,0,0,0,0,0,0
"129",310,137,"Hezb-i-Wahdat","Afghanistan, Soviet Union",19,1246.465604,1,2,7055,1,1,"3",8,9,17,196937,0,NA,1,7,0,0,0,1,"2",0,1,0,0,0,0,0,0,0,0,0
"130",311,251,"Hezbollah","Israel",11,16840.33644,0,1,478,0,0,"2",1,0,1,2004,0,NA,1,17,1,0,1,1,"2",0,0,0,0,0,0,0,0,0,0,0
"131",312,137,"Hizb-e-Wahdat","Afghanistan",19,427.6499954,2,2,7055,1,1,"3",8,9,17,196937,1,0,0,7,1,0,0,1,"3",0,1,0,0,0,0,0,0,0,0,0
"132",315,159,"Hizbullah","Turkey",19,6777.615933,0,1,0,1,1,"2",1,3,4,32820,1,0,0,2,1,0,1,1,"2",0,0,0,0,0,0,0,0,0,0,0
"133",318,195,"HOS","Croatia",3,12800.79348,1,1,0,0,0,"semiofficial",1,1,2,3122,1,0,0,2,0,0,1,1,"3",1,1,0,0,0,0,0,0,0,0,0
"134",319,103,"Hun Sen Bodyguard Militia","Cambodia",10,829.6422258,1,2,77,1,1,"3",4,3,7,8333,1,0,0,11,0,0,0,1,"3",0,0,315,0,0,1,1,0,0,1,1
"135",320,250,"Icelanders a.k.a Niger Delta Vigilante","Nigeria",1,1252.795545,1,1,3957,1,1,"4",1,2,3,137,1,0,0,3,0,0,1,1,"2",0,1,0,0,0,0,0,0,0,0,0
"136",321,268,"IGLF","Ethiopia",1,414.0678396,2,1,2356,1,1,"4",1,0,1,100,0,NA,1,1,0,0,1,1,"semiofficial",1,1,0,0,0,0,0,0,0,0,0
"137",322,169,"Ikhwan-ul-Muslimoon","India",18,1432.856547,0,1,282,1,1,"3",1,3,4,22471,1,1,0,14,0,0,1,1,"3",0,0,0,0,0,0,0,0,0,0,0
"138",326,146,"INPFL","Liberia",6,927.0279011,2,2,4236,1,1,"4",4,7,11,3260,0,NA,1,1,0,0,0,1,"2",0,1,88,0,0,0,0,0,0,0,0
"139",327,179,"Interahamwe, ex-FAR","Rwanda",12,714.5213237,2,2,511028,1,1,"4",3,3,6,15592,1,0,0,4,0,0,0,0,"informal",1,1,77,0,0,0,0,0,0,0,0
"140",328,62,"IS","Iraq",10,2376.890488,2,2,2107,1,1,"2",5,5,10,53863,0,NA,1,4,1,0,0,1,"2",0,1,13722,0,2,3,4,4,8,11,11
"141",330,91,"Islamic Legion","Chad",16,762.197502,2,2,1005,1,1,"4",15,0,15,20836,0,NA,1,2,0,0,0,1,"2",0,1,0,0,0,0,0,0,0,0,0
"142",332,137,"Ittehad Islami","Afghanistan",19,972.1670297,1,2,7055,1,1,"3",8,9,17,196937,1,0,0,16,0,0,0,1,"3",0,1,0,0,0,0,0,0,0,0,0
"143",337,113,"Janjaweed","Sudan",19,1375.210064,2,2,10875,1,1,"4",10,21,31,73661,1,0,0,8,0,0,0,1,"3",0,1,2952,0,0,0,2,0,2,5,5
"144",339,113,"JEM","Sudan",19,1518.391517,1,2,10875,1,1,"4",10,21,31,73661,0,NA,1,5,1,0,0,1,"semiofficial",0,1,79,0,0,0,0,0,0,0,0
"145",341,221,"JIG","Uzbekistan",3,1677.522279,2,2,0,0,0,"3",2,0,2,608,0,NA,1,1,1,0,0,0,"informal",0,1,0,0,0,0,0,0,0,0,0
"146",342,143,"Jondullah","Iran",9,8720.964225,2,2,0,1,1,"2",3,3,6,1594,0,NA,1,2,1,0,0,1,"2",0,1,43,0,0,0,0,0,0,0,0
"147",344,137,"Junbish-i Milli-yi Islami","Afghanistan",19,903.9125497,1,2,7055,1,1,"3",8,9,17,196937,0,NA,1,3,0,0,0,1,"2",1,1,0,0,0,0,0,0,0,0,0
"148",345,146,"Jungle Fire Militia/Unit","Liberia",6,548.9607043,1,2,4236,1,1,"4",4,7,11,3260,1,0,0,1,0,0,0,1,"semiofficial",0,0,0,0,0,0,0,0,0,0,0
"149",346,117,"JVP","Sri Lanka",2,1666.7962,1,2,752,1,1,"3",1,5,6,578,0,NA,1,2,0,1,0,1,"2",0,1,257,0,0,0,0,0,0,1,1
"150",347,67,"Ka Kwe Ye-kky","Myanmar (Burma)",13,NA,2,1,4308,1,1,"3",3,1,4,3010,1,0,0,12,0,0,1,1,"2",0,0,0,0,0,0,0,0,0,0,0
"151",350,206,"Kadyrovtsy","Russia",12,7707.015383,0,1,2385,1,1,"semiofficial",1,4,5,33424,1,0,0,8,0,0,1,1,"3",0,0,596,0,0,1,1,0,0,1,1
"152",352,118,"Kalangala Action Plan","Uganda",18,843.5049428,1,2,253,1,1,"4",5,7,12,16433,1,0,0,7,0,0,0,1,"3",0,0,0,0,0,0,0,0,0,0,0
"153",353,134,"Kamra","Indonesia",4,3151.738955,1,1,1678,1,1,"3",1,19,20,196,1,1,0,3,1,0,1,1,"2",0,0,0,0,0,0,0,0,0,0,0
"154",354,118,"Karamojong Vigilante","Uganda",18,724.688187,1,2,253,1,1,"4",5,7,12,16433,1,0,0,6,0,0,0,1,"semiofficial",0,1,0,0,0,0,0,0,0,0,0
"155",355,157,"Karuna Group","Sri Lanka",17,2904.110214,0,1,752,1,1,"3",2,4,6,74153,1,0,0,4,0,0,1,1,"2",0,1,0,0,0,0,0,0,0,0,0
"156",356,169,"Kashmir insurgents","India",18,1339.789574,0,1,282,1,1,"3",1,3,4,22471,0,NA,1,19,1,0,1,0,"informal",0,1,3153,0,0,1,1,0,1,4,7
"157",362,118,"Kiboko Squad","Uganda",18,992.9674015,0,2,253,1,1,"4",5,7,12,16433,1,0,0,1,0,0,0,1,"3",0,0,0,0,0,0,0,0,0,0,0
"158",365,263,"KNF","India",1,1638.486596,0,1,282,1,1,"3",1,0,1,63,0,NA,1,1,0,0,1,1,"2",0,0,31,0,0,0,0,0,0,0,0
"159",366,56,"KNPP","Myanmar",3,NA,2,1,4308,1,1,"3",1,0,1,579,0,NA,1,14,0,0,1,1,"2",1,1,0,0,0,0,0,0,0,0,0
"160",370,202,"Krajina Militia AKA Marticevci","Yugoslavia",3,NA,1,1,0,1,1,"semiofficial",1,2,3,1634,1,0,0,13,0,0,1,NA,"",0,1,0,0,0,0,0,0,0,0,0
"161",371,74,"Kurdistan Democratic Party (KDP)","Iraq",6,1599.8478,2,1,2107,1,1,"2",2,2,4,3467,1,0,0,12,0,0,1,NA,"",0,1,0,0,0,0,0,0,0,0,0
"162",372,134,"Laksaur","Indonesia",4,2690.580482,0,1,1678,1,1,"3",1,19,20,196,1,0,0,3,0,0,1,1,"semiofficial",0,0,634,0,0,2,2,0,0,2,2
"163",374,63,"Lebanese Army (Aoun)","Lebanon",2,7202.132011,0,2,0,0,0,"2",2,0,2,1698,0,NA,1,2,0,0,0,1,"3",1,1,0,0,0,0,0,0,0,0,0
"164",375,63,"Lebanese Forces","Lebanon",2,7202.132011,2,2,0,0,0,"2",2,0,2,1698,0,NA,1,1,0,0,0,1,"3",0,1,0,0,0,0,0,0,0,0,0
"165",378,179,"Local Defence Force","Rwanda",12,591.8465682,1,2,511028,1,1,"4",3,3,6,15592,1,1,0,9,0,0,0,1,"3",0,0,0,0,0,0,0,0,0,0,0
"166",380,113,"Lord's Resistance Army (LRA)","Sudan",19,1169.614885,2,2,10875,1,1,"4",10,21,31,73661,1,0,0,8,0,0,0,1,"2",0,0,0,0,0,0,0,0,0,0,0
"167",382,65,"LRM","Laos",2,874.816197,2,2,101,1,1,"3",1,0,1,279,0,NA,1,2,0,0,0,1,"semiofficial",1,1,0,0,0,0,0,0,0,0,0
"168",384,146,"LURD","Liberia",6,455.4927681,1,2,4236,1,1,"4",4,7,11,3260,0,NA,1,4,0,0,0,1,"2",0,1,558,0,0,0,1,0,0,1,1
"169",385,223,"Macedonian Lions","Macedonia",1,6107.922294,0,2,0,0,0,"semiofficial",1,1,2,233,1,1,0,3,0,0,0,1,"3",0,1,0,0,0,0,0,0,0,0,0
"170",387,86,"Mayi Mayi","Congo Kinshasa",8,241.8157344,1,2,9806,1,1,"4",4,7,11,22576,1,0,0,10,0,0,0,1,"2",0,1,301,0,0,0,0,0,0,0,0
"171",392,29,"MCC","India",16,1389.646794,0,2,282,1,1,"3",3,0,3,6360,0,NA,1,13,0,1,0,1,"2",1,0,167,0,0,0,0,0,0,0,0
"172",393,91,"MDD [-FANT]","Chad",16,729.7276688,1,2,1005,1,1,"4",15,0,15,20836,0,NA,1,7,0,0,0,1,"2",0,0,0,0,0,0,0,0,0,0,0
"173",394,91,"MDJT","Chad",16,771.5594847,1,2,1005,1,1,"4",15,0,15,20836,0,NA,1,4,0,0,0,1,"2",0,1,0,0,0,0,0,0,0,0,0
"174",395,180,"MFDC","Senegal",9,1189.518642,1,1,79,0,0,"4",1,0,1,1610,0,NA,1,14,0,0,1,0,"informal",0,1,308,0,0,0,0,0,0,0,0
"175",396,112,"MILF","Philippines",17,2270.329932,0,1,157,1,1,"3",5,9,14,8925,0,NA,1,18,1,0,1,1,"2",0,1,326,0,0,0,0,0,0,0,0
"176",397,221,"MIU","Uzbekistan, Kyrgyzstan",3,1460.172725,2,2,0,0,0,"3",2,0,2,608,0,NA,1,2,1,0,0,1,"2",0,1,NA,NA,NA,NA,NA,NA,NA,NA,NA
"177",398,225,"MJP","Cote D’Ivoire",3,1409.76808,2,2,773,0,0,"4",5,4,9,1263,0,NA,1,2,0,0,0,1,"2",0,0,0,0,0,0,0,0,0,0,0
"178",399,188,"MKP","Turkey",3,8918.778636,0,2,0,1,1,"2",2,0,2,136,0,NA,1,1,0,1,0,1,"2",1,0,0,0,0,0,0,0,0,0,0
"179",400,86,"MLC","Congo/Zaire, Zimbabwe, Angola, Namibia, Chad",8,241.8157344,2,2,9806,1,1,"4",4,7,11,22576,0,NA,1,4,0,0,0,1,"3",0,1,0,0,0,0,0,0,0,0,0
"180",402,255,"MNJ","Niger",4,511.4420463,0,2,404,0,0,"4",3,0,3,442,0,NA,1,1,0,0,0,1,"semiofficial",0,1,0,0,0,0,0,0,0,0,0
"181",404,112,"MNLF – HM","Philippines",17,2864.198219,0,1,157,1,1,"3",5,9,14,8925,0,NA,1,1,0,0,1,1,"3",1,1,0,0,0,0,0,0,0,0,0
"182",405,112,"MNLF – NM","Philippines",17,2461.679097,0,1,157,1,1,"3",5,9,14,8925,0,NA,1,2,0,0,1,1,"2",1,1,0,0,0,0,0,0,0,0,0
"183",406,146,"MODEL","Liberia",6,548.9607043,1,2,4236,1,1,"4",4,7,11,3260,0,NA,1,1,0,0,0,1,"2",0,1,0,0,0,0,0,0,0,0,0
"184",408,91,"MOSANAT","Chad",16,762.197502,2,2,1005,1,1,"4",15,0,15,20836,0,NA,1,1,0,0,0,1,"informal",0,1,0,0,0,0,0,0,0,0,0
"185",409,200,"Movement for Peace in Tajikistan","Tajikistan",8,1145.292776,1,2,60,1,1,"3",2,1,3,10927,0,NA,1,1,NA,NA,0,1,"2",1,1,NA,NA,NA,NA,NA,NA,NA,NA,NA
"186",410,177,"MPA","Mali",3,650.8912616,1,1,668,0,0,"4",3,0,3,989,0,NA,1,8,0,0,1,0,"informal",0,1,0,0,0,0,0,0,0,0,0
"187",411,225,"MPCI","Cote D’Ivoire",3,1409.76808,2,2,773,0,0,"4",5,4,9,1263,0,NA,1,1,0,0,0,1,"3",1,1,153,0,0,0,0,0,0,0,0
"188",412,225,"MPIGO","Cote D’Ivoire",3,1409.76808,2,2,773,0,0,"4",5,4,9,1263,0,NA,1,2,0,0,0,1,"2",0,1,65,0,0,0,0,0,0,0,0
"189",413,91,"MPS","Chad",16,776.4347096,2,2,1005,1,1,"4",15,0,15,20836,0,NA,1,1,0,0,0,1,"2",0,1,0,0,0,0,0,0,0,0,0
"190",414,209,"MQM","Pakistan",5,1526.56542,0,2,0,0,1,"3",3,3,6,30180,0,NA,1,7,0,0,0,1,"semiofficial",1,1,0,0,0,0,0,0,0,0,0
"191",416,95,"MRTA","Peru",12,4851.309546,1,2,0,1,1,"5",2,3,5,6883,0,NA,1,5,0,1,0,1,"2",0,1,0,0,0,0,0,0,0,0,0
"192",417,67,"MTA","Myanmar",13,NA,2,1,4308,1,1,"3",3,1,4,3010,0,NA,1,3,0,0,1,1,"2",0,1,0,0,0,0,0,0,0,0,0
"193",419,194,"Mujahidin Unit","Bosnia-Herzegovina",4,1025.926232,2,1,0,1,1,"semiofficial",2,4,6,18443,1,1,0,5,1,0,1,1,"3",0,0,0,0,0,0,0,0,0,0,0
"194",424,134,"Naga Merah","Indonesia",4,2690.580482,0,1,1678,1,1,"3",1,19,20,196,1,0,0,1,0,0,1,1,"semiofficial",0,0,12,0,0,0,0,0,0,0,0
"195",426,136,"Naparama","Mozambique",4,349.8953646,1,2,0,1,1,"4",1,2,3,8259,1,0,0,5,0,0,0,1,"3",0,0,0,0,0,0,0,0,0,0,0
"196",428,185,"National Guard","Georgia",3,NA,1,2,0,1,1,"semiofficial",2,2,4,423,1,0,0,2,0,0,0,1,"semiofficial",0,0,0,0,0,0,0,0,0,0,0
"197",429,223,"National Liberation Army (UCK)","Macedonia",1,6107.922294,0,2,0,0,0,"semiofficial",1,1,2,233,0,NA,1,1,0,0,0,1,"2",1,1,0,0,0,0,0,0,0,0,0
"198",430,146,"NPFL","Liberia",6,166.5919916,1,2,4236,1,1,"4",4,7,11,3260,1,0,0,9,0,0,0,1,"semiofficial",0,1,6064,0,3,7,10,3,4,6,6
"199",431,175,"National Salvation Front","Romania",1,7330.278932,1,2,195,1,1,"semiofficial",1,1,2,499,0,NA,1,1,0,0,0,0,"informal",0,1,NA,NA,NA,NA,NA,NA,NA,NA,NA
"200",432,29,"PWG","India",16,1375.281318,0,2,282,1,1,"3",3,0,3,6360,0,NA,1,15,0,1,0,1,"2",1,0,145,0,0,0,0,0,0,0,0
"201",434,250,"NDPVF","Nigeria",1,1423.710904,1,1,3957,1,1,"4",1,2,3,137,0,NA,1,1,0,0,1,1,"2",0,1,0,0,0,0,0,0,0,0,0
"202",435,250,"Neighbourhood Watch a.k.a Vigilante Groups","Nigeria",1,1047.760761,1,1,3957,1,1,"4",1,2,3,137,1,1,0,12,0,0,1,1,"2",0,0,66,0,0,0,0,0,0,0,0
"203",436,191,"Ninjas","Algeria",17,4840.160029,1,2,0,1,1,"4",4,4,8,24657,1,0,0,15,0,0,0,1,"2",0,0,25,0,0,0,0,0,0,0,0
"204",437,214,"Ninjas","Congo",5,2211.57088,1,2,1229,1,1,"4",4,4,8,25274,0,NA,1,7,0,0,0,1,"3",1,1,0,0,0,0,0,0,0,0,0
"205",438,214,"Ninjas","Congo Brazzaville",5,2133.5634,2,2,1229,1,1,"4",4,4,8,25274,1,0,0,1,0,0,0,1,"2",0,1,0,0,0,0,0,0,0,0,0
"206",439,134,"Ninjas_indonesia","Indonesia",4,2162.203697,1,1,1678,1,1,"3",1,19,20,196,1,0,0,9,0,0,1,0,"informal",0,0,795,0,1,2,2,0,1,2,2
"207",440,139,"NLFT","India",8,1496.133127,0,1,282,1,1,"3",2,0,2,335,0,NA,1,12,0,0,1,1,"semiofficial",1,1,437,0,0,0,0,0,0,0,0
"208",441,26,"NMSP","Myanmar",2,NA,2,1,4308,1,1,"3",2,0,2,192,0,NA,1,1,0,0,1,1,"2",1,1,0,0,0,0,0,0,0,0,0
"209",442,146,"NPFL","Liberia",6,944.1424015,2,2,4236,1,1,"4",4,7,11,3260,0,NA,1,2,0,0,0,1,"2",0,1,6064,0,3,7,10,3,4,6,6
"210",443,113,"NRF","Sudan",19,1832.723858,1,2,10875,1,1,"4",10,21,31,73661,0,NA,1,1,0,0,0,1,"semiofficial",0,1,0,0,0,0,0,0,0,0,0
"211",444,54,"NSCN-IM","India",7,1389.646794,0,1,282,1,1,"3",2,0,2,446,0,NA,1,9,0,1,1,1,"2",0,1,454,0,0,0,0,0,0,0,0
"212",445,54,"NSCN - K","India",7,2317.342862,0,1,282,1,1,"3",2,0,2,446,0,NA,1,3,0,1,1,1,"3",0,1,0,0,0,0,0,0,0,0,0
"213",447,214,"Ntsiloulous","Congo-Brazzaville, Angola, Chad",5,241.8157344,2,2,1229,1,1,"4",4,4,8,25274,0,NA,1,5,0,0,0,1,"2",0,1,100,0,0,0,0,0,0,0,0
"214",450,133,"ONLF","Ethiopia",13,370.4744764,1,1,2356,1,1,"4",2,1,3,11265,0,NA,1,14,0,0,1,1,"semiofficial",0,1,84,0,0,0,0,0,0,0,0
"215",451,186,"OP Lavalas (Chimères)","Haiti",3,1305.390311,1,2,115,1,1,"5",2,7,9,881,0,NA,1,1,0,0,0,1,"informal",1,1,0,0,0,0,0,0,0,0,0
"216",453,179,"ALiR","Rwanda",12,618.9739473,1,2,511028,1,1,"4",3,3,6,15592,0,NA,1,6,0,0,0,1,"semiofficial",1,1,3148,0,2,4,4,2,3,3,3
"217",454,191,"Organization of free young Algerians","Algeria",17,4840.160029,1,2,0,1,1,"4",4,4,8,24657,1,0,0,15,0,0,0,1,"3",0,0,2,0,0,0,0,0,0,0,0
"218",455,90,"Palipehutu","Burundi",15,591.6828229,1,2,4318,1,1,"4",5,1,6,13870,0,NA,1,2,0,0,0,1,"2",1,1,0,0,0,0,0,0,0,0,0
"219",456,90,"Palipehutu-FNL","Burundi",15,423.6334831,1,2,4318,1,1,"4",5,1,6,13870,0,NA,1,11,0,0,0,1,"2",0,1,476,0,0,0,0,0,0,0,1
"220",457,134,"Pam Swakarsa","Indonesia",4,3151.738955,0,1,1678,1,1,"3",1,19,20,196,1,0,0,10,0,0,1,1,"3",0,0,1,0,0,0,0,0,0,0,0
"221",460,204,"Parliamentary forces","Russia",1,10004.18456,1,2,2385,0,1,"semiofficial",1,0,1,147,0,NA,1,1,0,0,0,1,"3",1,0,0,0,0,0,0,0,0,0,0
"222",461,248,"Patani insurgents","Thailand",5,6044.807977,1,1,0,0,0,"3",1,4,5,1779,0,NA,1,5,1,0,1,0,"informal",0,1,1854,0,0,0,0,0,0,3,3
"223",463,194,"Patriotic League","Bosnia-Herzegovina",4,1025.926232,2,1,0,1,1,"semiofficial",2,4,6,18443,1,0,0,1,0,0,1,1,"3",0,1,0,0,0,0,0,0,0,0,0
"224",465,134,"Peace Force and Defender of Integration","Indonesia",4,2690.580482,0,1,1678,1,1,"3",1,19,20,196,1,0,0,1,0,0,1,NA,"",0,0,0,0,0,0,0,0,0,0,0
"225",469,157,"People's Liberation Organization of Tamil Eelam","Sri Lanka",17,1698.133093,1,1,752,1,1,"3",2,4,6,74153,1,0,0,13,0,1,1,1,"2",0,1,0,0,0,0,0,0,0,0,0
"226",475,113,"People's Police","Sudan",19,1238.236024,2,2,10875,1,1,"4",10,21,31,73661,1,1,0,16,1,0,0,1,"3",1,0,0,0,0,0,0,0,0,0,0
"227",479,37,"PFLP","Israel",16,17226.57781,0,1,478,0,0,"2",9,2,11,6422,0,NA,1,13,0,1,1,1,"2",0,1,0,0,0,0,0,0,0,0,0
"228",480,37,"PFLP-GC","Israel",16,17226.57781,0,1,478,0,0,"2",9,2,11,6422,0,NA,1,1,0,0,1,1,"2",0,1,0,0,0,0,0,0,0,0,0
"229",482,37,"PIJ","Israel",16,20244.97399,0,1,478,0,0,"2",9,2,11,6422,0,NA,1,13,1,0,1,1,"semiofficial",0,1,185,0,0,0,0,0,0,0,0
"230",484,143,"PJAK","Iran",9,8329.217805,2,2,0,1,1,"2",3,3,6,1594,0,NA,1,3,0,1,0,1,"3",1,1,0,0,0,0,0,0,0,0,0
"231",486,152,"PLA","India",12,1389.646794,0,1,282,1,1,"3",4,0,4,725,0,NA,1,15,0,1,1,1,"2",0,1,0,0,0,0,0,0,0,0,0
"232",488,37,"PNA","Israel",16,20819.26577,0,1,478,0,0,"2",9,2,11,6422,0,NA,1,7,0,0,1,1,"2",1,1,0,0,0,0,0,0,0,0,0
"233",491,113,"Popular Defence Forces (PDF)","Sudan",19,1228.542885,2,2,10875,1,1,"4",10,21,31,73661,1,1,0,19,1,0,0,1,"3",1,1,1751,1,1,1,1,1,1,1,1
"234",492,200,"Popular Front","Tajikistan",8,NA,2,2,60,1,1,"3",2,1,3,10927,1,0,0,2,0,1,0,NA,"",0,0,0,0,0,0,0,0,0,0,0
"235",493,37,"Popular Resistance Committees","Israel",16,23227.20378,0,1,478,0,0,"2",9,2,11,6422,0,NA,1,1,1,0,1,1,"2",1,1,0,0,0,0,0,0,0,0,0
"236",495,205,"PRI-ista Paramilitary Groups","Mexico",2,10206.83961,0,2,84,0,0,"5",2,2,4,515,1,0,0,6,0,0,0,1,"semiofficial",1,1,176,0,0,0,0,0,0,0,0
"237",496,206,"Chechen Death Squads","Russia",12,7397.182814,1,1,2385,1,1,"semiofficial",1,4,5,33424,1,0,0,9,0,0,1,1,"3",0,1,999,0,0,1,3,0,1,2,3
"238",498,103,"ProGovernment Vigilantes","Cambodia",10,859.1985907,1,2,77,1,1,"3",4,3,7,8333,1,0,0,10,0,0,0,1,"2",1,0,6,0,0,0,0,0,0,0,0
"239",500,134,"Pro-Integration Fighters PPI","Indonesia",4,2690.580482,0,1,1678,1,1,"3",1,19,20,196,1,0,0,1,0,0,1,1,"2",0,0,0,0,0,0,0,0,0,0,0
"240",501,118,"Protection Vigilantes","Uganda",18,830.2707453,1,2,253,1,1,"4",5,7,12,16433,1,0,0,8,0,0,0,1,"3",0,0,0,0,0,0,0,0,0,0,0
"241",506,91,"RAFD","Chad",16,1295.710357,1,2,1005,1,1,"4",15,0,15,20836,0,NA,1,1,0,0,0,1,"2",0,1,0,0,0,0,0,0,0,0,0
"242",510,86,"RCD","Congo/Zaire, Zimbabwe, Angola, Namibia, Chad",8,241.8157344,2,2,9806,1,1,"4",4,7,11,22576,0,NA,1,4,0,0,0,1,"semiofficial",0,1,4657,1,2,3,3,2,2,4,4
"243",511,119,"Real IRA","United Kingdom",4,27016.12781,0,1,0,0,0,"semiofficial",2,0,2,140,0,NA,1,1,0,0,1,1,"2",0,1,0,0,0,0,0,0,0,0,0
"244",512,218,"Red Berets AKA Frenki's Boys AKA Grey Wolves","Yugoslavia",2,NA,1,1,0,1,1,"semiofficial",1,3,4,5090,1,0,0,13,0,0,1,1,"2",0,1,52,0,0,0,0,0,0,0,0
"245",515,197,"Republic of Abkhazia","Georgia",2,NA,1,1,0,1,1,"semiofficial",1,1,2,3758,0,NA,1,2,0,0,1,1,"3",0,1,126,0,0,0,0,0,0,0,0
"246",516,206,"Chechen Republic of Ichkeria","Russia",12,8503.131858,1,1,2385,1,1,"semiofficial",1,4,5,33424,0,NA,1,14,1,0,1,1,"semiofficial",0,1,260,0,0,0,0,0,0,0,0
"247",517,190,"Republic of Croatia","Yugoslavia",2,NA,1,1,0,1,1,"semiofficial",2,1,3,4523,0,NA,1,1,0,0,1,1,"3",1,1,0,0,0,0,0,0,0,0,0
"248",518,193,"Republic of Nagorno-Karabakh","Azerbaijan",7,NA,1,1,0,1,1,"semiofficial",1,0,1,9735,0,NA,1,15,0,0,1,1,"2",0,1,161,0,0,0,0,0,0,0,0
"249",519,189,"Republic of Slovenia","Yugoslavia",1,NA,1,1,0,1,1,"semiofficial",1,0,1,64,0,NA,1,1,0,0,1,1,"3",1,1,0,0,0,0,0,0,0,0,0
"250",520,198,"Republic of South Ossetia","Georgia",2,NA,1,1,0,1,1,"semiofficial",1,0,1,1069,0,NA,1,13,0,0,1,0,"informal",0,1,0,0,0,0,0,0,0,0,0
"251",525,111,"RFDG","Guinea",2,794.3253084,1,2,235,0,0,"4",1,0,1,1300,0,NA,1,2,0,0,0,NA,"",0,0,0,0,0,0,0,0,0,0,0
"252",526,118,"Rhino (Amuka) Defence Force","Uganda",18,884.4383325,1,2,253,1,1,"4",5,7,12,16433,1,1,0,5,0,0,0,1,"semiofficial",0,0,0,0,0,0,0,0,0,0,0
"253",527,62,"RJF/Al-Jaysh al-Islami fi Iraq","Iraq",10,3606.807463,2,2,2107,1,1,"2",5,5,10,53863,0,NA,1,3,1,0,0,1,"semiofficial",1,1,0,0,0,0,0,0,0,0,0
"254",528,25,"Rohingya Solidarity Organisation","Myanmar",2,NA,2,1,4308,1,1,"3",2,1,3,134,0,NA,1,4,0,0,1,1,"semiofficial",0,1,0,0,0,0,0,0,0,0,0
"255",530,187,"RUF","Sierra Leone",11,602.2264022,2,2,652,1,1,"4",3,5,8,18394,1,0,0,2,0,0,0,1,"semiofficial",0,0,0,0,0,0,0,0,0,0,0
"256",531,187,"RUF","Sierra Leone, United Kingdom",11,958.0181873,1,2,652,1,1,"4",3,5,8,18394,0,NA,1,10,0,0,0,1,"2",1,0,5926,0,0,2,6,2,4,7,9
"257",532,92,"Rural Defence Groups or Convivir","Colombia",19,5796.938765,0,2,280,1,1,"5",3,5,8,19426,1,1,0,14,0,0,0,1,"semiofficial",0,0,0,0,0,0,0,0,0,0,0
"258",533,186,"S.S.P. Militia","Haiti",3,1325.60047,2,2,115,1,1,"5",2,7,9,881,1,0,0,1,0,0,0,1,"3",0,0,0,0,0,0,0,0,0,0,0
"259",535,62,"Saddam's Lion Cubs","Iraq",10,2315.790191,2,2,2107,1,1,"2",5,5,10,53863,1,1,0,7,0,0,0,1,"3",0,0,0,0,0,0,0,0,0,0,0
"260",536,112,"Sagrados Corazon","Philippines",17,2561.202821,0,1,157,1,1,"3",5,9,14,8925,1,0,0,10,0,0,1,1,"3",0,0,23,0,0,0,0,0,0,0,0
"261",537,134,"Sakunar","Indonesia",4,2690.580482,0,1,1678,1,1,"3",1,19,20,196,1,0,0,2,0,0,1,1,"2",0,0,361,0,0,0,0,0,0,0,1
"262",547,134,"Sera","Indonesia",4,3151.738955,1,1,1678,1,1,"3",1,19,20,196,1,0,0,2,0,0,1,1,"3",0,0,0,0,0,0,0,0,0,0,0
"263",548,194,"Serb Volunteer Army AKA Arkan's Tigers","Yugoslavia",4,NA,1,1,0,1,1,"semiofficial",2,4,6,18443,1,0,0,11,0,0,1,1,"3",0,1,21061,8,8,11,13,5,5,5,5
"264",549,202,"Serbian Guard","Yugoslavia",3,NA,1,1,0,1,1,"semiofficial",1,2,3,1634,1,0,0,13,0,0,1,1,"3",1,0,0,0,0,0,0,0,0,0,0
"265",550,194,"Serbian irregulars","Bosnia and Herzegovina",4,1025.926232,2,1,0,1,1,"semiofficial",2,4,6,18443,0,NA,1,4,0,0,1,1,"3",0,1,0,0,0,0,0,0,0,0,0
"266",551,194,"Serbian Republic of Bosnia and Herzegovina","Bosnia and Herzegovina",4,1025.926232,2,1,0,1,1,"semiofficial",2,4,6,18443,0,NA,1,4,0,0,1,1,"3",0,1,0,0,0,0,0,0,0,0,0
"267",552,195,"Serbian Republic of Krajina","Croatia",3,10269.75306,1,1,0,0,0,"semiofficial",1,1,2,3122,0,NA,1,4,0,0,1,1,"3",0,1,0,0,0,0,0,0,0,0,0
"268",554,67,"Shan State Army - South (SSA-S)","Myanmar",13,NA,2,1,4308,1,1,"3",3,1,4,3010,0,NA,1,12,0,0,1,1,"2",0,1,0,0,0,0,0,0,0,0,0
"269",555,171,"Sharia Police","Indonesia",9,2749.85026,0,1,1678,1,1,"3",1,4,5,4356,1,1,0,7,1,0,1,1,"2",0,0,0,0,0,0,0,0,0,0,0
"270",556,137,"Sherzai","Afghanistan",19,427.6499954,2,2,7055,1,1,"3",8,9,17,196937,1,0,0,7,0,0,0,1,"2",0,1,0,0,0,0,0,0,0,0,0
"271",559,113,"SLM/A","Sudan",19,1518.391517,1,2,10875,1,1,"4",10,21,31,73661,0,NA,1,5,0,0,0,1,"semiofficial",0,1,78,0,0,0,0,0,0,0,0
"272",560,113,"SLM/A - MM","Sudan",19,1832.723858,1,2,10875,1,1,"4",10,21,31,73661,0,NA,1,1,0,0,0,1,"semiofficial",0,1,33,0,0,0,0,0,0,0,0
"273",561,113,"SLM/A–Unity","Sudan",19,1935.51514,0,2,10875,1,1,"4",10,21,31,73661,0,NA,1,1,0,0,0,1,"semiofficial",0,1,0,0,0,0,0,0,0,0,0
"274",562,146,"Small Boys Unit","Liberia",6,166.5919916,1,2,4236,1,1,"4",4,7,11,3260,1,0,0,9,0,0,0,1,"semiofficial",0,0,24,0,0,0,0,0,0,0,0
"275",564,92,"Soldiers from my Town","Colombia",19,5833.098507,0,2,280,1,1,"5",3,5,8,19426,1,1,0,6,0,0,0,1,"2",0,0,0,0,0,0,0,0,0,0,0
"276",565,113,"South Sudan Defence Forces - Tanginya Faction (SSDF Tanginya)","Sudan",19,1580.814181,1,2,10875,1,1,"4",10,21,31,73661,1,0,0,4,0,0,0,1,"2",0,1,0,0,0,0,0,0,0,0,0
"277",566,113,"SSDF","Sudan",19,1169.614885,2,2,10875,1,1,"4",10,21,31,73661,1,1,0,10,0,0,0,1,"2",0,1,2307,1,2,2,2,1,1,2,2
"278",567,113,"South Sudan Liberation Movement/Army (SSLM/A)","Sudan",19,1497.184749,1,2,10875,1,1,"4",10,21,31,73661,1,0,0,6,0,0,0,1,"3",0,1,0,0,0,0,0,0,0,0,0
"279",568,113,"South Sudan Unity Movement/Army (SSUM/A)","Sudan",19,1243.81945,2,2,10875,1,1,"4",10,21,31,73661,1,0,0,9,0,0,0,1,"3",0,1,0,0,0,0,0,0,0,0,0
"280",569,137,"Southern tribal militia","Afghanistan",19,775.734064,2,2,7055,1,1,"3",8,9,17,196937,1,1,0,2,0,0,0,1,"semiofficial",0,1,0,0,0,0,0,0,0,0,0
"281",570,218,"Special Operations Unit (JSO)","Yugoslavia",2,NA,1,1,0,1,1,"semiofficial",1,3,4,5090,1,0,0,8,0,0,1,1,"3",0,0,0,0,0,0,0,0,0,0,0
"282",573,146,"Special Security Services","Liberia",6,177.4544094,1,2,4236,1,1,"4",4,7,11,3260,1,0,0,7,0,0,0,1,"semiofficial",0,0,4,0,0,0,0,0,0,0,0
"283",576,141,"SPM","Somalia",12,608.6226428,2,2,1260,1,1,"4",9,0,9,48982,0,NA,1,3,0,0,0,1,"2",0,1,0,0,0,0,0,0,0,0,0
"284",577,141,"SRRC","Somalia",12,454.295562,2,2,1260,1,1,"4",9,0,9,48982,0,NA,1,2,0,0,0,1,"2",0,1,0,0,0,0,0,0,0,0,0
"285",581,225,"Student Federation of Cote d'Ivoire (FESCI)","Cote d'Ivoire",3,1409.76808,2,2,773,0,0,"4",5,4,9,1263,1,0,0,6,0,0,0,1,"semiofficial",1,0,0,0,0,0,0,0,0,0,0
"286",582,113,"Sudan Liberation Movement/Army - Minni Minnawi Faction (SLM/A-MM)","Sudan",19,1832.723858,1,2,10875,1,1,"4",10,21,31,73661,1,0,0,2,0,0,0,1,"2",0,1,0,0,0,0,0,0,0,0,0
"287",583,113,"Sudan People's Liberation Army - Bahr el Ghazal Group (SPLA Bahr el Ghazal)","Sudan",19,1170.213406,2,2,10875,1,1,"4",10,21,31,73661,1,0,0,2,0,0,0,1,"2",0,1,0,0,0,0,0,0,0,0,0
"288",584,113,"Sudan People's Liberation Movement/Army - Nasir Faction (SPLM/A-Nasir)","Sudan",19,1203.392685,2,2,10875,1,1,"4",10,21,31,73661,1,0,0,9,0,0,0,1,"3",0,1,0,0,0,0,0,0,0,0,0
"289",585,113,"Sudan People's Liberation Movement/Army - United (SPLM/A-United)","Sudan",19,1193.426713,2,2,10875,1,1,"4",10,21,31,73661,1,0,0,2,0,0,0,1,"3",0,1,0,0,0,0,0,0,0,0,0
"290",587,62,"Supreme Council for the Islamic Revolution in Iraq (SCIRI)","Iraq",10,3584.137659,2,2,2107,1,1,"2",5,5,10,53863,0,NA,1,6,1,0,0,0,"informal",0,1,0,0,0,0,0,0,0,0,0
"291",590,137,"Taleban","Afghanistan, Soviet Union",19,432.4809726,2,2,7055,1,1,"3",8,9,17,196937,0,NA,1,13,1,0,0,1,"3",0,1,1438,0,0,0,0,0,0,0,1
"292",591,157,"Tamil Eelam Liberation Organisation (TELO)","Sri Lanka",17,1698.133093,1,1,752,1,1,"3",2,4,6,74153,1,0,0,18,0,0,1,1,"2",0,1,0,0,0,0,0,0,0,0,0
"293",592,134,"Team Alfa","Indonesia",4,2690.580482,0,1,1678,1,1,"3",1,19,20,196,1,1,0,1,1,0,1,1,"3",0,0,6,0,0,0,0,0,0,0,0
"294",594,187,"The 'Bokkie' Crew","Sierra Leone",11,511.1764547,1,2,652,1,1,"4",3,5,8,18394,1,0,0,9,0,0,0,1,"2",0,0,9,0,0,0,0,0,0,0,0
"295",595,117,"The Eagles of the Highlands","Sri Lanka",2,1666.7962,1,2,752,1,1,"3",1,5,6,578,1,0,0,19,0,0,0,1,"semiofficial",1,0,224,0,0,0,1,0,0,0,1
"296",596,185,"The Horsemen aka Mkhedrioni","Georgia",3,NA,1,2,0,1,1,"semiofficial",2,2,4,423,1,0,0,4,0,0,0,1,"3",0,0,0,0,0,0,0,0,0,0,0
"297",599,92,"AUC","Colombia",19,6096.796699,0,2,280,1,1,"5",3,5,8,19426,1,0,0,10,0,0,0,1,"2",0,0,3143,0,0,0,0,0,2,5,6
"298",600,133,"Tigray Militia","Ethiopia",13,427.5199601,1,1,2356,1,1,"4",2,1,3,11265,1,1,0,10,0,0,1,1,"2",0,1,0,0,0,0,0,0,0,0,0
"299",601,134,"Tim Pancasila","Indonesia",4,2690.580482,0,1,1678,1,1,"3",1,19,20,196,1,0,0,1,0,0,1,1,"2",0,0,37,0,0,0,0,0,0,0,0
"300",602,209,"TNSM","Pakistan",5,2118.123487,0,2,0,0,1,"3",3,3,6,30180,0,NA,1,1,1,0,0,0,"informal",0,1,NA,NA,NA,NA,NA,NA,NA,NA,NA
"301",607,209,"Tribal Militia","Pakistan",5,1779.83089,1,2,0,0,1,"3",3,3,6,30180,1,0,0,7,0,0,0,1,"semiofficial",0,1,0,0,0,0,0,0,0,0,0
"302",609,218,"UCK","Yugoslavia",2,NA,2,1,0,1,1,"semiofficial",1,3,4,5090,0,NA,1,2,0,0,1,1,"3",0,1,0,0,0,0,0,0,0,0,0
"303",610,91,"UFDD","Chad",16,1295.710357,1,2,1005,1,1,"4",15,0,15,20836,0,NA,1,2,0,0,0,1,"semiofficial",0,1,0,0,0,0,0,0,0,0,0
"304",611,222,"UFDR","Central African Republic",3,532.3156216,1,2,1471,0,0,"4",3,2,5,1484,0,NA,1,1,0,0,0,1,"informal",0,1,0,0,0,0,0,0,0,0,0
"305",612,170,"ULFA","India",15,1375.281318,0,1,282,1,1,"3",1,0,1,1347,0,NA,1,18,0,1,1,1,"semiofficial",1,1,544,0,0,0,0,0,0,0,0
"306",614,255,"UFRA","Niger",4,510.8083352,2,2,404,0,0,"4",3,0,3,442,0,NA,1,1,0,0,0,1,"2",0,1,0,0,0,0,0,0,0,0,0
"307",615,137,"UIFSA","Afghanistan, Soviet Union",19,619.8245698,2,2,7055,1,1,"3",8,9,17,196937,0,NA,1,6,0,0,0,1,"2",0,1,204,0,0,0,1,0,0,0,1
"308",616,24,"Union Solidarity and Development Association","Myanmar (Burma)",4,NA,2,2,4308,1,1,"3",1,1,2,100,1,1,0,15,0,0,0,1,"3",0,0,121,0,0,0,0,0,0,0,0
"309",617,131,"UNITA","Angola, Cuba",12,1965.527398,1,2,174,1,1,"4",1,3,4,64546,0,NA,1,14,0,0,0,1,"3",0,1,2369,0,0,0,2,1,1,4,4
"310",620,152,"UNLF","India",12,1432.856547,0,1,282,1,1,"3",4,0,4,725,0,NA,1,14,0,0,1,1,"2",0,1,0,0,0,0,0,0,0,0,0
"311",621,118,"UNRF II","Uganda",18,739.3488018,1,2,253,1,1,"4",5,7,12,16433,0,NA,1,1,0,0,0,1,"2",0,1,0,0,0,0,0,0,0,0,0
"312",622,118,"UPA","Uganda",18,529.2116933,2,2,253,1,1,"4",5,7,12,16433,0,NA,1,4,0,0,0,1,"2",0,1,49,0,0,0,0,0,0,0,0
"313",624,141,"USC","Somalia",12,697.790447,2,2,1260,1,1,"4",9,0,9,48982,0,NA,1,2,0,0,0,1,"semiofficial",0,1,0,0,0,0,0,0,0,0,0
"314",625,141,"USC Faction","Somalia",12,691.5368542,2,2,1260,1,1,"4",9,0,9,48982,0,NA,1,6,0,0,0,1,"3",0,1,0,0,0,0,0,0,0,0,0
"315",626,200,"UTO","Tajikistan, Russia, Uzbekistan",8,NA,1,2,60,1,1,"3",2,1,3,10927,0,NA,1,7,0,0,0,1,"2",1,1,0,0,0,0,0,0,0,0,0
"316",627,228,"UWSA","Myanmar",1,NA,2,1,4308,1,1,"3",1,0,1,130,0,NA,1,1,0,0,1,1,"2",0,1,0,0,0,0,0,0,0,0,0
"317",628,137,"Uzbek Junbesh-e-Milli","Afghanistan",19,1246.465604,1,2,7055,1,1,"3",8,9,17,196937,1,0,0,19,0,0,0,1,"2",0,1,0,0,0,0,0,0,0,0,0
"318",629,169,"Village Defence Committee Himachal","India",18,1679.763393,0,1,282,1,1,"3",1,3,4,22471,1,1,0,10,0,0,1,1,"semiofficial",0,0,0,0,0,0,0,0,0,0,0
"319",630,169,"Village Defence Committee Kashmir","India",18,1611.266483,0,1,282,1,1,"3",1,3,4,22471,1,1,0,12,0,0,1,1,"semiofficial",0,0,0,0,0,0,0,0,0,0,0
"320",637,220,"Wahhabi movement of the Buinaksk district","Russia",1,7397.182814,1,1,2385,1,1,"semiofficial",1,1,2,125,0,NA,1,1,1,0,1,NA,"",0,0,0,0,0,0,0,0,0,0,0
"321",639,248,"War on Drugs death squad","Thailand",5,6044.807977,0,1,0,0,0,"3",1,4,5,1779,1,0,0,1,0,0,1,1,"semiofficial",0,0,0,0,0,0,0,0,0,0,0
"322",642,187,"West Side Boys","Sierra Leone",11,511.1764547,2,2,652,1,1,"4",3,5,8,18394,1,0,0,2,0,0,0,1,"2",0,0,0,0,0,0,0,0,0,0,0
"323",643,205,"White Guards (Guardias Blancas)","Mexico",2,9896.287832,0,2,84,0,0,"5",2,2,4,515,1,0,0,14,0,0,0,0,"informal",0,0,54,0,0,0,0,0,0,0,0
"324",644,86,"White Legion","Congo Kinshasa",8,258.4173137,2,2,9806,1,1,"4",4,7,11,22576,1,0,0,1,0,0,0,1,"3",0,0,0,0,0,0,0,0,0,0,0
"325",646,146,"Wild Geese","Liberia",6,542.1153963,1,2,4236,1,1,"4",4,7,11,3260,1,0,0,2,0,0,0,1,"semiofficial",0,0,0,0,0,0,0,0,0,0,0
"326",648,118,"WNBF","Uganda",18,707.088195,1,2,253,1,1,"4",5,7,12,16433,0,NA,1,1,0,0,0,1,"informal",0,1,27,0,0,0,0,0,0,0,0
"327",650,187,"WSB","Sierra Leone",11,475.8481122,2,2,652,1,1,"4",3,5,8,18394,0,NA,1,1,0,0,0,1,"semiofficial",0,0,0,0,0,0,0,0,0,0,0
"328",652,117,"Yellow Cats","Sri Lanka",2,1666.7962,1,2,752,1,1,"3",1,5,6,578,1,0,0,19,0,0,0,1,"semiofficial",0,0,0,0,0,0,0,0,0,0,0
"329",655,225,"Young Patriots","Cote d'Ivoire",3,1409.76808,2,2,773,0,0,"4",5,4,9,1263,1,0,0,6,0,0,0,0,"informal",1,0,0,0,0,0,0,0,0,0,0
"330",663,214,"Zulus","Congo Brazzaville",5,2111.56634,1,2,1229,1,1,"4",4,4,8,25274,1,0,0,4,0,0,0,1,"2",0,1,0,0,0,0,0,0,0,0,0
"331",664,185,"Zviadists","Georgia",3,NA,1,2,0,1,1,"semiofficial",2,2,4,423,0,NA,1,2,0,0,0,1,"3",0,1,0,0,0,0,0,0,0,0,0
"332",100,NA,"","",NA,NA,NA,NA,NA,NA,NA,"",NA,NA,NA,NA,NA,1,NA,NA,NA,NA,NA,NA,"",NA,NA,NA,NA,NA,NA,NA,NA,NA,NA,NA
"333",104,NA,"","",NA,NA,NA,NA,NA,NA,NA,"",NA,NA,NA,NA,NA,0,NA,NA,NA,NA,NA,NA,"",NA,NA,NA,NA,NA,NA,NA,NA,NA,NA,NA
"334",110,NA,"","",NA,NA,NA,NA,NA,NA,NA,"",NA,NA,NA,NA,NA,0,NA,NA,NA,NA,NA,NA,"",NA,NA,NA,NA,NA,NA,NA,NA,NA,NA,NA
"335",118,NA,"","",NA,NA,NA,NA,NA,NA,NA,"",NA,NA,NA,NA,NA,0,NA,NA,NA,NA,NA,NA,"",NA,NA,NA,NA,NA,NA,NA,NA,NA,NA,NA
"336",123,NA,"","",NA,NA,NA,NA,NA,NA,NA,"",NA,NA,NA,NA,NA,1,NA,NA,NA,NA,NA,NA,"",NA,NA,NA,NA,NA,NA,NA,NA,NA,NA,NA
"337",125,NA,"","",NA,NA,NA,NA,NA,NA,NA,"",NA,NA,NA,NA,NA,1,NA,NA,NA,NA,NA,NA,"",NA,NA,NA,NA,NA,NA,NA,NA,NA,NA,NA
"338",130,NA,"","",NA,NA,NA,NA,NA,NA,NA,"",NA,NA,NA,NA,NA,0,NA,NA,NA,NA,NA,NA,"",NA,NA,NA,NA,NA,NA,NA,NA,NA,NA,NA
"339",134,NA,"","",NA,NA,NA,NA,NA,NA,NA,"",NA,NA,NA,NA,NA,0,NA,NA,NA,NA,NA,NA,"",NA,NA,NA,NA,NA,NA,NA,NA,NA,NA,NA
"340",137,NA,"","",NA,NA,NA,NA,NA,NA,NA,"",NA,NA,NA,NA,NA,0,NA,NA,NA,NA,NA,NA,"",NA,NA,NA,NA,NA,NA,NA,NA,NA,NA,NA
"341",142,NA,"","",NA,NA,NA,NA,NA,NA,NA,"",NA,NA,NA,NA,NA,1,NA,NA,NA,NA,NA,NA,"",NA,NA,NA,NA,NA,NA,NA,NA,NA,NA,NA
"342",151,NA,"","",NA,NA,NA,NA,NA,NA,NA,"",NA,NA,NA,NA,NA,0,NA,NA,NA,NA,NA,NA,"",NA,NA,NA,NA,NA,NA,NA,NA,NA,NA,NA
"343",152,NA,"","",NA,NA,NA,NA,NA,NA,NA,"",NA,NA,NA,NA,NA,0,NA,NA,NA,NA,NA,NA,"",NA,NA,NA,NA,NA,NA,NA,NA,NA,NA,NA
"344",153,NA,"","",NA,NA,NA,NA,NA,NA,NA,"",NA,NA,NA,NA,NA,1,NA,NA,NA,NA,NA,NA,"",NA,NA,NA,NA,NA,NA,NA,NA,NA,NA,NA
"345",154,NA,"","",NA,NA,NA,NA,NA,NA,NA,"",NA,NA,NA,NA,NA,1,NA,NA,NA,NA,NA,NA,"",NA,NA,NA,NA,NA,NA,NA,NA,NA,NA,NA
"346",162,NA,"","",NA,NA,NA,NA,NA,NA,NA,"",NA,NA,NA,NA,NA,0,NA,NA,NA,NA,NA,NA,"",NA,NA,NA,NA,NA,NA,NA,NA,NA,NA,NA
"347",173,NA,"","",NA,NA,NA,NA,NA,NA,NA,"",NA,NA,NA,NA,NA,0,NA,NA,NA,NA,NA,NA,"",NA,NA,NA,NA,NA,NA,NA,NA,NA,NA,NA
"348",174,NA,"","",NA,NA,NA,NA,NA,NA,NA,"",NA,NA,NA,NA,NA,0,NA,NA,NA,NA,NA,NA,"",NA,NA,NA,NA,NA,NA,NA,NA,NA,NA,NA
"349",175,NA,"","",NA,NA,NA,NA,NA,NA,NA,"",NA,NA,NA,NA,NA,0,NA,NA,NA,NA,NA,NA,"",NA,NA,NA,NA,NA,NA,NA,NA,NA,NA,NA
"350",177,NA,"","",NA,NA,NA,NA,NA,NA,NA,"",NA,NA,NA,NA,NA,1,NA,NA,NA,NA,NA,NA,"",NA,NA,NA,NA,NA,NA,NA,NA,NA,NA,NA
"351",179,NA,"","",NA,NA,NA,NA,NA,NA,NA,"",NA,NA,NA,NA,NA,1,NA,NA,NA,NA,NA,NA,"",NA,NA,NA,NA,NA,NA,NA,NA,NA,NA,NA
"352",180,NA,"","",NA,NA,NA,NA,NA,NA,NA,"",NA,NA,NA,NA,NA,1,NA,NA,NA,NA,NA,NA,"",NA,NA,NA,NA,NA,NA,NA,NA,NA,NA,NA
"353",181,NA,"","",NA,NA,NA,NA,NA,NA,NA,"",NA,NA,NA,NA,NA,1,NA,NA,NA,NA,NA,NA,"",NA,NA,NA,NA,NA,NA,NA,NA,NA,NA,NA
"354",182,NA,"","",NA,NA,NA,NA,NA,NA,NA,"",NA,NA,NA,NA,NA,1,NA,NA,NA,NA,NA,NA,"",NA,NA,NA,NA,NA,NA,NA,NA,NA,NA,NA
"355",183,NA,"","",NA,NA,NA,NA,NA,NA,NA,"",NA,NA,NA,NA,NA,1,NA,NA,NA,NA,NA,NA,"",NA,NA,NA,NA,NA,NA,NA,NA,NA,NA,NA
"356",186,NA,"","",NA,NA,NA,NA,NA,NA,NA,"",NA,NA,NA,NA,NA,1,NA,NA,NA,NA,NA,NA,"",NA,NA,NA,NA,NA,NA,NA,NA,NA,NA,NA
"357",193,NA,"","",NA,NA,NA,NA,NA,NA,NA,"",NA,NA,NA,NA,NA,0,NA,NA,NA,NA,NA,NA,"",NA,NA,NA,NA,NA,NA,NA,NA,NA,NA,NA
"358",194,NA,"","",NA,NA,NA,NA,NA,NA,NA,"",NA,NA,NA,NA,NA,0,NA,NA,NA,NA,NA,NA,"",NA,NA,NA,NA,NA,NA,NA,NA,NA,NA,NA
"359",195,NA,"","",NA,NA,NA,NA,NA,NA,NA,"",NA,NA,NA,NA,NA,0,NA,NA,NA,NA,NA,NA,"",NA,NA,NA,NA,NA,NA,NA,NA,NA,NA,NA
"360",196,NA,"","",NA,NA,NA,NA,NA,NA,NA,"",NA,NA,NA,NA,NA,0,NA,NA,NA,NA,NA,NA,"",NA,NA,NA,NA,NA,NA,NA,NA,NA,NA,NA
"361",197,NA,"","",NA,NA,NA,NA,NA,NA,NA,"",NA,NA,NA,NA,NA,1,NA,NA,NA,NA,NA,NA,"",NA,NA,NA,NA,NA,NA,NA,NA,NA,NA,NA
"362",198,NA,"","",NA,NA,NA,NA,NA,NA,NA,"",NA,NA,NA,NA,NA,1,NA,NA,NA,NA,NA,NA,"",NA,NA,NA,NA,NA,NA,NA,NA,NA,NA,NA
"363",211,NA,"","",NA,NA,NA,NA,NA,NA,NA,"",NA,NA,NA,NA,NA,0,NA,NA,NA,NA,NA,NA,"",NA,NA,NA,NA,NA,NA,NA,NA,NA,NA,NA
"364",212,NA,"","",NA,NA,NA,NA,NA,NA,NA,"",NA,NA,NA,NA,NA,0,NA,NA,NA,NA,NA,NA,"",NA,NA,NA,NA,NA,NA,NA,NA,NA,NA,NA
"365",213,NA,"","",NA,NA,NA,NA,NA,NA,NA,"",NA,NA,NA,NA,NA,0,NA,NA,NA,NA,NA,NA,"",NA,NA,NA,NA,NA,NA,NA,NA,NA,NA,NA
"366",214,NA,"","",NA,NA,NA,NA,NA,NA,NA,"",NA,NA,NA,NA,NA,0,NA,NA,NA,NA,NA,NA,"",NA,NA,NA,NA,NA,NA,NA,NA,NA,NA,NA
"367",216,NA,"","",NA,NA,NA,NA,NA,NA,NA,"",NA,NA,NA,NA,NA,0,NA,NA,NA,NA,NA,NA,"",NA,NA,NA,NA,NA,NA,NA,NA,NA,NA,NA
"368",217,NA,"","",NA,NA,NA,NA,NA,NA,NA,"",NA,NA,NA,NA,NA,0,NA,NA,NA,NA,NA,NA,"",NA,NA,NA,NA,NA,NA,NA,NA,NA,NA,NA
"369",223,NA,"","",NA,NA,NA,NA,NA,NA,NA,"",NA,NA,NA,NA,NA,0,NA,NA,NA,NA,NA,NA,"",NA,NA,NA,NA,NA,NA,NA,NA,NA,NA,NA
"370",226,NA,"","",NA,NA,NA,NA,NA,NA,NA,"",NA,NA,NA,NA,NA,1,NA,NA,NA,NA,NA,NA,"",NA,NA,NA,NA,NA,NA,NA,NA,NA,NA,NA
"371",229,NA,"","",NA,NA,NA,NA,NA,NA,NA,"",NA,NA,NA,NA,NA,0,NA,NA,NA,NA,NA,NA,"",NA,NA,NA,NA,NA,NA,NA,NA,NA,NA,NA
"372",248,NA,"","",NA,NA,NA,NA,NA,NA,NA,"",NA,NA,NA,NA,NA,0,NA,NA,NA,NA,NA,NA,"",NA,NA,NA,NA,NA,NA,NA,NA,NA,NA,NA
"373",254,NA,"","",NA,NA,NA,NA,NA,NA,NA,"",NA,NA,NA,NA,NA,0,NA,NA,NA,NA,NA,NA,"",NA,NA,NA,NA,NA,NA,NA,NA,NA,NA,NA
"374",268,NA,"","",NA,NA,NA,NA,NA,NA,NA,"",NA,NA,NA,NA,NA,0,NA,NA,NA,NA,NA,NA,"",NA,NA,NA,NA,NA,NA,NA,NA,NA,NA,NA
"375",269,NA,"","",NA,NA,NA,NA,NA,NA,NA,"",NA,NA,NA,NA,NA,0,NA,NA,NA,NA,NA,NA,"",NA,NA,NA,NA,NA,NA,NA,NA,NA,NA,NA
"376",283,NA,"","",NA,NA,NA,NA,NA,NA,NA,"",NA,NA,NA,NA,NA,0,NA,NA,NA,NA,NA,NA,"",NA,NA,NA,NA,NA,NA,NA,NA,NA,NA,NA
"377",284,NA,"","",NA,NA,NA,NA,NA,NA,NA,"",NA,NA,NA,NA,NA,1,NA,NA,NA,NA,NA,NA,"",NA,NA,NA,NA,NA,NA,NA,NA,NA,NA,NA
"378",286,NA,"","",NA,NA,NA,NA,NA,NA,NA,"",NA,NA,NA,NA,NA,1,NA,NA,NA,NA,NA,NA,"",NA,NA,NA,NA,NA,NA,NA,NA,NA,NA,NA
"379",287,NA,"","",NA,NA,NA,NA,NA,NA,NA,"",NA,NA,NA,NA,NA,1,NA,NA,NA,NA,NA,NA,"",NA,NA,NA,NA,NA,NA,NA,NA,NA,NA,NA
"380",288,NA,"","",NA,NA,NA,NA,NA,NA,NA,"",NA,NA,NA,NA,NA,1,NA,NA,NA,NA,NA,NA,"",NA,NA,NA,NA,NA,NA,NA,NA,NA,NA,NA
"381",289,NA,"","",NA,NA,NA,NA,NA,NA,NA,"",NA,NA,NA,NA,NA,1,NA,NA,NA,NA,NA,NA,"",NA,NA,NA,NA,NA,NA,NA,NA,NA,NA,NA
"382",290,NA,"","",NA,NA,NA,NA,NA,NA,NA,"",NA,NA,NA,NA,NA,1,NA,NA,NA,NA,NA,NA,"",NA,NA,NA,NA,NA,NA,NA,NA,NA,NA,NA
"383",291,NA,"","",NA,NA,NA,NA,NA,NA,NA,"",NA,NA,NA,NA,NA,1,NA,NA,NA,NA,NA,NA,"",NA,NA,NA,NA,NA,NA,NA,NA,NA,NA,NA
"384",292,NA,"","",NA,NA,NA,NA,NA,NA,NA,"",NA,NA,NA,NA,NA,1,NA,NA,NA,NA,NA,NA,"",NA,NA,NA,NA,NA,NA,NA,NA,NA,NA,NA
"385",293,NA,"","",NA,NA,NA,NA,NA,NA,NA,"",NA,NA,NA,NA,NA,1,NA,NA,NA,NA,NA,NA,"",NA,NA,NA,NA,NA,NA,NA,NA,NA,NA,NA
"386",294,NA,"","",NA,NA,NA,NA,NA,NA,NA,"",NA,NA,NA,NA,NA,1,NA,NA,NA,NA,NA,NA,"",NA,NA,NA,NA,NA,NA,NA,NA,NA,NA,NA
"387",295,NA,"","",NA,NA,NA,NA,NA,NA,NA,"",NA,NA,NA,NA,NA,1,NA,NA,NA,NA,NA,NA,"",NA,NA,NA,NA,NA,NA,NA,NA,NA,NA,NA
"388",299,NA,"","",NA,NA,NA,NA,NA,NA,NA,"",NA,NA,NA,NA,NA,0,NA,NA,NA,NA,NA,NA,"",NA,NA,NA,NA,NA,NA,NA,NA,NA,NA,NA
"389",301,NA,"","",NA,NA,NA,NA,NA,NA,NA,"",NA,NA,NA,NA,NA,0,NA,NA,NA,NA,NA,NA,"",NA,NA,NA,NA,NA,NA,NA,NA,NA,NA,NA
"390",305,NA,"","",NA,NA,NA,NA,NA,NA,NA,"",NA,NA,NA,NA,NA,1,NA,NA,NA,NA,NA,NA,"",NA,NA,NA,NA,NA,NA,NA,NA,NA,NA,NA
"391",306,NA,"","",NA,NA,NA,NA,NA,NA,NA,"",NA,NA,NA,NA,NA,0,NA,NA,NA,NA,NA,NA,"",NA,NA,NA,NA,NA,NA,NA,NA,NA,NA,NA
"392",316,NA,"","",NA,NA,NA,NA,NA,NA,NA,"",NA,NA,NA,NA,NA,1,NA,NA,NA,NA,NA,NA,"",NA,NA,NA,NA,NA,NA,NA,NA,NA,NA,NA
"393",317,NA,"","",NA,NA,NA,NA,NA,NA,NA,"",NA,NA,NA,NA,NA,1,NA,NA,NA,NA,NA,NA,"",NA,NA,NA,NA,NA,NA,NA,NA,NA,NA,NA
"394",323,NA,"","",NA,NA,NA,NA,NA,NA,NA,"",NA,NA,NA,NA,NA,0,NA,NA,NA,NA,NA,NA,"",NA,NA,NA,NA,NA,NA,NA,NA,NA,NA,NA
"395",325,NA,"","",NA,NA,NA,NA,NA,NA,NA,"",NA,NA,NA,NA,NA,0,NA,NA,NA,NA,NA,NA,"",NA,NA,NA,NA,NA,NA,NA,NA,NA,NA,NA
"396",329,NA,"","",NA,NA,NA,NA,NA,NA,NA,"",NA,NA,NA,NA,NA,0,NA,NA,NA,NA,NA,NA,"",NA,NA,NA,NA,NA,NA,NA,NA,NA,NA,NA
"397",331,NA,"","",NA,NA,NA,NA,NA,NA,NA,"",NA,NA,NA,NA,NA,0,NA,NA,NA,NA,NA,NA,"",NA,NA,NA,NA,NA,NA,NA,NA,NA,NA,NA
"398",333,NA,"","",NA,NA,NA,NA,NA,NA,NA,"",NA,NA,NA,NA,NA,0,NA,NA,NA,NA,NA,NA,"",NA,NA,NA,NA,NA,NA,NA,NA,NA,NA,NA
"399",334,NA,"","",NA,NA,NA,NA,NA,NA,NA,"",NA,NA,NA,NA,NA,0,NA,NA,NA,NA,NA,NA,"",NA,NA,NA,NA,NA,NA,NA,NA,NA,NA,NA
"400",335,NA,"","",NA,NA,NA,NA,NA,NA,NA,"",NA,NA,NA,NA,NA,0,NA,NA,NA,NA,NA,NA,"",NA,NA,NA,NA,NA,NA,NA,NA,NA,NA,NA
"401",338,NA,"","",NA,NA,NA,NA,NA,NA,NA,"",NA,NA,NA,NA,NA,0,NA,NA,NA,NA,NA,NA,"",NA,NA,NA,NA,NA,NA,NA,NA,NA,NA,NA
"402",340,NA,"","",NA,NA,NA,NA,NA,NA,NA,"",NA,NA,NA,NA,NA,0,NA,NA,NA,NA,NA,NA,"",NA,NA,NA,NA,NA,NA,NA,NA,NA,NA,NA
"403",348,NA,"","",NA,NA,NA,NA,NA,NA,NA,"",NA,NA,NA,NA,NA,0,NA,NA,NA,NA,NA,NA,"",NA,NA,NA,NA,NA,NA,NA,NA,NA,NA,NA
"404",349,NA,"","",NA,NA,NA,NA,NA,NA,NA,"",NA,NA,NA,NA,NA,0,NA,NA,NA,NA,NA,NA,"",NA,NA,NA,NA,NA,NA,NA,NA,NA,NA,NA
"405",351,NA,"","",NA,NA,NA,NA,NA,NA,NA,"",NA,NA,NA,NA,NA,1,NA,NA,NA,NA,NA,NA,"",NA,NA,NA,NA,NA,NA,NA,NA,NA,NA,NA
"406",360,NA,"","",NA,NA,NA,NA,NA,NA,NA,"",NA,NA,NA,NA,NA,1,NA,NA,NA,NA,NA,NA,"",NA,NA,NA,NA,NA,NA,NA,NA,NA,NA,NA
"407",364,NA,"","",NA,NA,NA,NA,NA,NA,NA,"",NA,NA,NA,NA,NA,0,NA,NA,NA,NA,NA,NA,"",NA,NA,NA,NA,NA,NA,NA,NA,NA,NA,NA
"408",368,NA,"","",NA,NA,NA,NA,NA,NA,NA,"",NA,NA,NA,NA,NA,1,NA,NA,NA,NA,NA,NA,"",NA,NA,NA,NA,NA,NA,NA,NA,NA,NA,NA
"409",373,NA,"","",NA,NA,NA,NA,NA,NA,NA,"",NA,NA,NA,NA,NA,0,NA,NA,NA,NA,NA,NA,"",NA,NA,NA,NA,NA,NA,NA,NA,NA,NA,NA
"410",376,NA,"","",NA,NA,NA,NA,NA,NA,NA,"",NA,NA,NA,NA,NA,0,NA,NA,NA,NA,NA,NA,"",NA,NA,NA,NA,NA,NA,NA,NA,NA,NA,NA
"411",377,NA,"","",NA,NA,NA,NA,NA,NA,NA,"",NA,NA,NA,NA,NA,1,NA,NA,NA,NA,NA,NA,"",NA,NA,NA,NA,NA,NA,NA,NA,NA,NA,NA
"412",379,NA,"","",NA,NA,NA,NA,NA,NA,NA,"",NA,NA,NA,NA,NA,1,NA,NA,NA,NA,NA,NA,"",NA,NA,NA,NA,NA,NA,NA,NA,NA,NA,NA
"413",388,NA,"","",NA,NA,NA,NA,NA,NA,NA,"",NA,NA,NA,NA,NA,1,NA,NA,NA,NA,NA,NA,"",NA,NA,NA,NA,NA,NA,NA,NA,NA,NA,NA
"414",389,NA,"","",NA,NA,NA,NA,NA,NA,NA,"",NA,NA,NA,NA,NA,0,NA,NA,NA,NA,NA,NA,"",NA,NA,NA,NA,NA,NA,NA,NA,NA,NA,NA
"415",390,NA,"","",NA,NA,NA,NA,NA,NA,NA,"",NA,NA,NA,NA,NA,1,NA,NA,NA,NA,NA,NA,"",NA,NA,NA,NA,NA,NA,NA,NA,NA,NA,NA
"416",391,NA,"","",NA,NA,NA,NA,NA,NA,NA,"",NA,NA,NA,NA,NA,0,NA,NA,NA,NA,NA,NA,"",NA,NA,NA,NA,NA,NA,NA,NA,NA,NA,NA
"417",407,NA,"","",NA,NA,NA,NA,NA,NA,NA,"",NA,NA,NA,NA,NA,0,NA,NA,NA,NA,NA,NA,"",NA,NA,NA,NA,NA,NA,NA,NA,NA,NA,NA
"418",415,NA,"","",NA,NA,NA,NA,NA,NA,NA,"",NA,NA,NA,NA,NA,0,NA,NA,NA,NA,NA,NA,"",NA,NA,NA,NA,NA,NA,NA,NA,NA,NA,NA
"419",420,NA,"","",NA,NA,NA,NA,NA,NA,NA,"",NA,NA,NA,NA,NA,0,NA,NA,NA,NA,NA,NA,"",NA,NA,NA,NA,NA,NA,NA,NA,NA,NA,NA
"420",421,NA,"","",NA,NA,NA,NA,NA,NA,NA,"",NA,NA,NA,NA,NA,0,NA,NA,NA,NA,NA,NA,"",NA,NA,NA,NA,NA,NA,NA,NA,NA,NA,NA
"421",422,NA,"","",NA,NA,NA,NA,NA,NA,NA,"",NA,NA,NA,NA,NA,0,NA,NA,NA,NA,NA,NA,"",NA,NA,NA,NA,NA,NA,NA,NA,NA,NA,NA
"422",425,NA,"","",NA,NA,NA,NA,NA,NA,NA,"",NA,NA,NA,NA,NA,0,NA,NA,NA,NA,NA,NA,"",NA,NA,NA,NA,NA,NA,NA,NA,NA,NA,NA
"423",427,NA,"","",NA,NA,NA,NA,NA,NA,NA,"",NA,NA,NA,NA,NA,0,NA,NA,NA,NA,NA,NA,"",NA,NA,NA,NA,NA,NA,NA,NA,NA,NA,NA
"424",449,NA,"","",NA,NA,NA,NA,NA,NA,NA,"",NA,NA,NA,NA,NA,0,NA,NA,NA,NA,NA,NA,"",NA,NA,NA,NA,NA,NA,NA,NA,NA,NA,NA
"425",452,NA,"","",NA,NA,NA,NA,NA,NA,NA,"",NA,NA,NA,NA,NA,1,NA,NA,NA,NA,NA,NA,"",NA,NA,NA,NA,NA,NA,NA,NA,NA,NA,NA
"426",458,NA,"","",NA,NA,NA,NA,NA,NA,NA,"",NA,NA,NA,NA,NA,0,NA,NA,NA,NA,NA,NA,"",NA,NA,NA,NA,NA,NA,NA,NA,NA,NA,NA
"427",459,NA,"","",NA,NA,NA,NA,NA,NA,NA,"",NA,NA,NA,NA,NA,0,NA,NA,NA,NA,NA,NA,"",NA,NA,NA,NA,NA,NA,NA,NA,NA,NA,NA
"428",462,NA,"","",NA,NA,NA,NA,NA,NA,NA,"",NA,NA,NA,NA,NA,1,NA,NA,NA,NA,NA,NA,"",NA,NA,NA,NA,NA,NA,NA,NA,NA,NA,NA
"429",464,NA,"","",NA,NA,NA,NA,NA,NA,NA,"",NA,NA,NA,NA,NA,1,NA,NA,NA,NA,NA,NA,"",NA,NA,NA,NA,NA,NA,NA,NA,NA,NA,NA
"430",466,NA,"","",NA,NA,NA,NA,NA,NA,NA,"",NA,NA,NA,NA,NA,1,NA,NA,NA,NA,NA,NA,"",NA,NA,NA,NA,NA,NA,NA,NA,NA,NA,NA
"431",467,NA,"","",NA,NA,NA,NA,NA,NA,NA,"",NA,NA,NA,NA,NA,1,NA,NA,NA,NA,NA,NA,"",NA,NA,NA,NA,NA,NA,NA,NA,NA,NA,NA
"432",468,NA,"","",NA,NA,NA,NA,NA,NA,NA,"",NA,NA,NA,NA,NA,1,NA,NA,NA,NA,NA,NA,"",NA,NA,NA,NA,NA,NA,NA,NA,NA,NA,NA
"433",470,NA,"","",NA,NA,NA,NA,NA,NA,NA,"",NA,NA,NA,NA,NA,1,NA,NA,NA,NA,NA,NA,"",NA,NA,NA,NA,NA,NA,NA,NA,NA,NA,NA
"434",471,NA,"","",NA,NA,NA,NA,NA,NA,NA,"",NA,NA,NA,NA,NA,1,NA,NA,NA,NA,NA,NA,"",NA,NA,NA,NA,NA,NA,NA,NA,NA,NA,NA
"435",472,NA,"","",NA,NA,NA,NA,NA,NA,NA,"",NA,NA,NA,NA,NA,1,NA,NA,NA,NA,NA,NA,"",NA,NA,NA,NA,NA,NA,NA,NA,NA,NA,NA
"436",473,NA,"","",NA,NA,NA,NA,NA,NA,NA,"",NA,NA,NA,NA,NA,1,NA,NA,NA,NA,NA,NA,"",NA,NA,NA,NA,NA,NA,NA,NA,NA,NA,NA
"437",474,NA,"","",NA,NA,NA,NA,NA,NA,NA,"",NA,NA,NA,NA,NA,1,NA,NA,NA,NA,NA,NA,"",NA,NA,NA,NA,NA,NA,NA,NA,NA,NA,NA
"438",476,NA,"","",NA,NA,NA,NA,NA,NA,NA,"",NA,NA,NA,NA,NA,0,NA,NA,NA,NA,NA,NA,"",NA,NA,NA,NA,NA,NA,NA,NA,NA,NA,NA
"439",477,NA,"","",NA,NA,NA,NA,NA,NA,NA,"",NA,NA,NA,NA,NA,1,NA,NA,NA,NA,NA,NA,"",NA,NA,NA,NA,NA,NA,NA,NA,NA,NA,NA
"440",478,NA,"","",NA,NA,NA,NA,NA,NA,NA,"",NA,NA,NA,NA,NA,0,NA,NA,NA,NA,NA,NA,"",NA,NA,NA,NA,NA,NA,NA,NA,NA,NA,NA
"441",490,NA,"","",NA,NA,NA,NA,NA,NA,NA,"",NA,NA,NA,NA,NA,1,NA,NA,NA,NA,NA,NA,"",NA,NA,NA,NA,NA,NA,NA,NA,NA,NA,NA
"442",497,NA,"","",NA,NA,NA,NA,NA,NA,NA,"",NA,NA,NA,NA,NA,0,NA,NA,NA,NA,NA,NA,"",NA,NA,NA,NA,NA,NA,NA,NA,NA,NA,NA
"443",499,NA,"","",NA,NA,NA,NA,NA,NA,NA,"",NA,NA,NA,NA,NA,1,NA,NA,NA,NA,NA,NA,"",NA,NA,NA,NA,NA,NA,NA,NA,NA,NA,NA
"444",502,NA,"","",NA,NA,NA,NA,NA,NA,NA,"",NA,NA,NA,NA,NA,1,NA,NA,NA,NA,NA,NA,"",NA,NA,NA,NA,NA,NA,NA,NA,NA,NA,NA
"445",504,NA,"","",NA,NA,NA,NA,NA,NA,NA,"",NA,NA,NA,NA,NA,0,NA,NA,NA,NA,NA,NA,"",NA,NA,NA,NA,NA,NA,NA,NA,NA,NA,NA
"446",507,NA,"","",NA,NA,NA,NA,NA,NA,NA,"",NA,NA,NA,NA,NA,1,NA,NA,NA,NA,NA,NA,"",NA,NA,NA,NA,NA,NA,NA,NA,NA,NA,NA
"447",508,NA,"","",NA,NA,NA,NA,NA,NA,NA,"",NA,NA,NA,NA,NA,0,NA,NA,NA,NA,NA,NA,"",NA,NA,NA,NA,NA,NA,NA,NA,NA,NA,NA
"448",509,NA,"","",NA,NA,NA,NA,NA,NA,NA,"",NA,NA,NA,NA,NA,1,NA,NA,NA,NA,NA,NA,"",NA,NA,NA,NA,NA,NA,NA,NA,NA,NA,NA
"449",513,NA,"","",NA,NA,NA,NA,NA,NA,NA,"",NA,NA,NA,NA,NA,1,NA,NA,NA,NA,NA,NA,"",NA,NA,NA,NA,NA,NA,NA,NA,NA,NA,NA
"450",522,NA,"","",NA,NA,NA,NA,NA,NA,NA,"",NA,NA,NA,NA,NA,1,NA,NA,NA,NA,NA,NA,"",NA,NA,NA,NA,NA,NA,NA,NA,NA,NA,NA
"451",523,NA,"","",NA,NA,NA,NA,NA,NA,NA,"",NA,NA,NA,NA,NA,1,NA,NA,NA,NA,NA,NA,"",NA,NA,NA,NA,NA,NA,NA,NA,NA,NA,NA
"452",524,NA,"","",NA,NA,NA,NA,NA,NA,NA,"",NA,NA,NA,NA,NA,1,NA,NA,NA,NA,NA,NA,"",NA,NA,NA,NA,NA,NA,NA,NA,NA,NA,NA
"453",529,NA,"","",NA,NA,NA,NA,NA,NA,NA,"",NA,NA,NA,NA,NA,1,NA,NA,NA,NA,NA,NA,"",NA,NA,NA,NA,NA,NA,NA,NA,NA,NA,NA
"454",534,NA,"","",NA,NA,NA,NA,NA,NA,NA,"",NA,NA,NA,NA,NA,0,NA,NA,NA,NA,NA,NA,"",NA,NA,NA,NA,NA,NA,NA,NA,NA,NA,NA
"455",538,NA,"","",NA,NA,NA,NA,NA,NA,NA,"",NA,NA,NA,NA,NA,1,NA,NA,NA,NA,NA,NA,"",NA,NA,NA,NA,NA,NA,NA,NA,NA,NA,NA
"456",539,NA,"","",NA,NA,NA,NA,NA,NA,NA,"",NA,NA,NA,NA,NA,1,NA,NA,NA,NA,NA,NA,"",NA,NA,NA,NA,NA,NA,NA,NA,NA,NA,NA
"457",540,NA,"","",NA,NA,NA,NA,NA,NA,NA,"",NA,NA,NA,NA,NA,0,NA,NA,NA,NA,NA,NA,"",NA,NA,NA,NA,NA,NA,NA,NA,NA,NA,NA
"458",541,NA,"","",NA,NA,NA,NA,NA,NA,NA,"",NA,NA,NA,NA,NA,0,NA,NA,NA,NA,NA,NA,"",NA,NA,NA,NA,NA,NA,NA,NA,NA,NA,NA
"459",542,NA,"","",NA,NA,NA,NA,NA,NA,NA,"",NA,NA,NA,NA,NA,0,NA,NA,NA,NA,NA,NA,"",NA,NA,NA,NA,NA,NA,NA,NA,NA,NA,NA
"460",543,NA,"","",NA,NA,NA,NA,NA,NA,NA,"",NA,NA,NA,NA,NA,1,NA,NA,NA,NA,NA,NA,"",NA,NA,NA,NA,NA,NA,NA,NA,NA,NA,NA
"461",544,NA,"","",NA,NA,NA,NA,NA,NA,NA,"",NA,NA,NA,NA,NA,0,NA,NA,NA,NA,NA,NA,"",NA,NA,NA,NA,NA,NA,NA,NA,NA,NA,NA
"462",545,NA,"","",NA,NA,NA,NA,NA,NA,NA,"",NA,NA,NA,NA,NA,1,NA,NA,NA,NA,NA,NA,"",NA,NA,NA,NA,NA,NA,NA,NA,NA,NA,NA
"463",553,NA,"","",NA,NA,NA,NA,NA,NA,NA,"",NA,NA,NA,NA,NA,1,NA,NA,NA,NA,NA,NA,"",NA,NA,NA,NA,NA,NA,NA,NA,NA,NA,NA
"464",558,NA,"","",NA,NA,NA,NA,NA,NA,NA,"",NA,NA,NA,NA,NA,0,NA,NA,NA,NA,NA,NA,"",NA,NA,NA,NA,NA,NA,NA,NA,NA,NA,NA
"465",571,NA,"","",NA,NA,NA,NA,NA,NA,NA,"",NA,NA,NA,NA,NA,1,NA,NA,NA,NA,NA,NA,"",NA,NA,NA,NA,NA,NA,NA,NA,NA,NA,NA
"466",572,NA,"","",NA,NA,NA,NA,NA,NA,NA,"",NA,NA,NA,NA,NA,1,NA,NA,NA,NA,NA,NA,"",NA,NA,NA,NA,NA,NA,NA,NA,NA,NA,NA
"467",580,NA,"","",NA,NA,NA,NA,NA,NA,NA,"",NA,NA,NA,NA,NA,1,NA,NA,NA,NA,NA,NA,"",NA,NA,NA,NA,NA,NA,NA,NA,NA,NA,NA
"468",586,NA,"","",NA,NA,NA,NA,NA,NA,NA,"",NA,NA,NA,NA,NA,0,NA,NA,NA,NA,NA,NA,"",NA,NA,NA,NA,NA,NA,NA,NA,NA,NA,NA
"469",588,NA,"","",NA,NA,NA,NA,NA,NA,NA,"",NA,NA,NA,NA,NA,1,NA,NA,NA,NA,NA,NA,"",NA,NA,NA,NA,NA,NA,NA,NA,NA,NA,NA
"470",589,NA,"","",NA,NA,NA,NA,NA,NA,NA,"",NA,NA,NA,NA,NA,0,NA,NA,NA,NA,NA,NA,"",NA,NA,NA,NA,NA,NA,NA,NA,NA,NA,NA
"471",593,NA,"","",NA,NA,NA,NA,NA,NA,NA,"",NA,NA,NA,NA,NA,1,NA,NA,NA,NA,NA,NA,"",NA,NA,NA,NA,NA,NA,NA,NA,NA,NA,NA
"472",597,NA,"","",NA,NA,NA,NA,NA,NA,NA,"",NA,NA,NA,NA,NA,0,NA,NA,NA,NA,NA,NA,"",NA,NA,NA,NA,NA,NA,NA,NA,NA,NA,NA
"473",598,NA,"","",NA,NA,NA,NA,NA,NA,NA,"",NA,NA,NA,NA,NA,0,NA,NA,NA,NA,NA,NA,"",NA,NA,NA,NA,NA,NA,NA,NA,NA,NA,NA
"474",603,NA,"","",NA,NA,NA,NA,NA,NA,NA,"",NA,NA,NA,NA,NA,0,NA,NA,NA,NA,NA,NA,"",NA,NA,NA,NA,NA,NA,NA,NA,NA,NA,NA
"475",604,NA,"","",NA,NA,NA,NA,NA,NA,NA,"",NA,NA,NA,NA,NA,0,NA,NA,NA,NA,NA,NA,"",NA,NA,NA,NA,NA,NA,NA,NA,NA,NA,NA
"476",605,NA,"","",NA,NA,NA,NA,NA,NA,NA,"",NA,NA,NA,NA,NA,0,NA,NA,NA,NA,NA,NA,"",NA,NA,NA,NA,NA,NA,NA,NA,NA,NA,NA
"477",606,NA,"","",NA,NA,NA,NA,NA,NA,NA,"",NA,NA,NA,NA,NA,0,NA,NA,NA,NA,NA,NA,"",NA,NA,NA,NA,NA,NA,NA,NA,NA,NA,NA
"478",618,NA,"","",NA,NA,NA,NA,NA,NA,NA,"",NA,NA,NA,NA,NA,0,NA,NA,NA,NA,NA,NA,"",NA,NA,NA,NA,NA,NA,NA,NA,NA,NA,NA
"479",619,NA,"","",NA,NA,NA,NA,NA,NA,NA,"",NA,NA,NA,NA,NA,0,NA,NA,NA,NA,NA,NA,"",NA,NA,NA,NA,NA,NA,NA,NA,NA,NA,NA
"480",631,NA,"","",NA,NA,NA,NA,NA,NA,NA,"",NA,NA,NA,NA,NA,1,NA,NA,NA,NA,NA,NA,"",NA,NA,NA,NA,NA,NA,NA,NA,NA,NA,NA
"481",632,NA,"","",NA,NA,NA,NA,NA,NA,NA,"",NA,NA,NA,NA,NA,1,NA,NA,NA,NA,NA,NA,"",NA,NA,NA,NA,NA,NA,NA,NA,NA,NA,NA
"482",633,NA,"","",NA,NA,NA,NA,NA,NA,NA,"",NA,NA,NA,NA,NA,1,NA,NA,NA,NA,NA,NA,"",NA,NA,NA,NA,NA,NA,NA,NA,NA,NA,NA
"483",634,NA,"","",NA,NA,NA,NA,NA,NA,NA,"",NA,NA,NA,NA,NA,1,NA,NA,NA,NA,NA,NA,"",NA,NA,NA,NA,NA,NA,NA,NA,NA,NA,NA
"484",635,NA,"","",NA,NA,NA,NA,NA,NA,NA,"",NA,NA,NA,NA,NA,1,NA,NA,NA,NA,NA,NA,"",NA,NA,NA,NA,NA,NA,NA,NA,NA,NA,NA
"485",636,NA,"","",NA,NA,NA,NA,NA,NA,NA,"",NA,NA,NA,NA,NA,0,NA,NA,NA,NA,NA,NA,"",NA,NA,NA,NA,NA,NA,NA,NA,NA,NA,NA
"486",638,NA,"","",NA,NA,NA,NA,NA,NA,NA,"",NA,NA,NA,NA,NA,1,NA,NA,NA,NA,NA,NA,"",NA,NA,NA,NA,NA,NA,NA,NA,NA,NA,NA
"487",640,NA,"","",NA,NA,NA,NA,NA,NA,NA,"",NA,NA,NA,NA,NA,0,NA,NA,NA,NA,NA,NA,"",NA,NA,NA,NA,NA,NA,NA,NA,NA,NA,NA
"488",641,NA,"","",NA,NA,NA,NA,NA,NA,NA,"",NA,NA,NA,NA,NA,0,NA,NA,NA,NA,NA,NA,"",NA,NA,NA,NA,NA,NA,NA,NA,NA,NA,NA
"489",645,NA,"","",NA,NA,NA,NA,NA,NA,NA,"",NA,NA,NA,NA,NA,0,NA,NA,NA,NA,NA,NA,"",NA,NA,NA,NA,NA,NA,NA,NA,NA,NA,NA
"490",647,NA,"","",NA,NA,NA,NA,NA,NA,NA,"",NA,NA,NA,NA,NA,0,NA,NA,NA,NA,NA,NA,"",NA,NA,NA,NA,NA,NA,NA,NA,NA,NA,NA
"491",649,NA,"","",NA,NA,NA,NA,NA,NA,NA,"",NA,NA,NA,NA,NA,1,NA,NA,NA,NA,NA,NA,"",NA,NA,NA,NA,NA,NA,NA,NA,NA,NA,NA
"492",651,NA,"","",NA,NA,NA,NA,NA,NA,NA,"",NA,NA,NA,NA,NA,1,NA,NA,NA,NA,NA,NA,"",NA,NA,NA,NA,NA,NA,NA,NA,NA,NA,NA
"493",653,NA,"","",NA,NA,NA,NA,NA,NA,NA,"",NA,NA,NA,NA,NA,0,NA,NA,NA,NA,NA,NA,"",NA,NA,NA,NA,NA,NA,NA,NA,NA,NA,NA
"494",654,NA,"","",NA,NA,NA,NA,NA,NA,NA,"",NA,NA,NA,NA,NA,0,NA,NA,NA,NA,NA,NA,"",NA,NA,NA,NA,NA,NA,NA,NA,NA,NA,NA
"495",656,NA,"","",NA,NA,NA,NA,NA,NA,NA,"",NA,NA,NA,NA,NA,1,NA,NA,NA,NA,NA,NA,"",NA,NA,NA,NA,NA,NA,NA,NA,NA,NA,NA
"496",657,NA,"","",NA,NA,NA,NA,NA,NA,NA,"",NA,NA,NA,NA,NA,1,NA,NA,NA,NA,NA,NA,"",NA,NA,NA,NA,NA,NA,NA,NA,NA,NA,NA
"497",658,NA,"","",NA,NA,NA,NA,NA,NA,NA,"",NA,NA,NA,NA,NA,0,NA,NA,NA,NA,NA,NA,"",NA,NA,NA,NA,NA,NA,NA,NA,NA,NA,NA
"498",659,NA,"","",NA,NA,NA,NA,NA,NA,NA,"",NA,NA,NA,NA,NA,0,NA,NA,NA,NA,NA,NA,"",NA,NA,NA,NA,NA,NA,NA,NA,NA,NA,NA
"499",660,NA,"","",NA,NA,NA,NA,NA,NA,NA,"",NA,NA,NA,NA,NA,1,NA,NA,NA,NA,NA,NA,"",NA,NA,NA,NA,NA,NA,NA,NA,NA,NA,NA
"500",661,NA,"","",NA,NA,NA,NA,NA,NA,NA,"",NA,NA,NA,NA,NA,1,NA,NA,NA,NA,NA,NA,"",NA,NA,NA,NA,NA,NA,NA,NA,NA,NA,NA
"501",662,NA,"","",NA,NA,NA,NA,NA,NA,NA,"",NA,NA,NA,NA,NA,0,NA,NA,NA,NA,NA,NA,"",NA,NA,NA,NA,NA,NA,NA,NA,NA,NA,NA
